Number of mismatchs,Time Taken
2,92.02651715278625
0,87.46064925193787
0,91.52751636505127
0,89.9483494758606
0,71.62018394470215
0,83.08046889305115
1,74.53682088851929
0,78.2372407913208
1,78.6418879032135
0,86.99504542350769
