Number of mismatchs,Time Taken
0,3.047173023223877
0,3.1070618629455566
0,3.1132168769836426
0,3.058375358581543
0,3.085766315460205
