min_connection,max_connection,avg_connection,min_send_command,max_send_command,avg_send_command,min_disconnect,max_disconnect,avg_disconnect
1.2941296039998633,1.4663063039999997,1.362085042281242,3.830412016999844,4.323009619000004,4.103813917437483,0.003376699999989796,0.4580093020001641,0.23290334471873742
1.2973785829999542,1.5585907800004861,1.3572166923203497,3.3423893530007263,4.362313738000012,4.239204913539055,0.007859100000132457,0.804676388000189,0.16271841311720436
1.3797117979993345,1.6290682979997655,1.4473666683124549,3.728021541999624,4.507826424000086,4.231885303757792,0.0003763999993680045,0.605715587999839,0.29860464432031364
