min_connection,max_connection,avg_connection,min_send_command,max_send_command,avg_send_command,min_disconnect,max_disconnect,avg_disconnect
1.2299031949999062,1.45809797600009,1.301245738414055,3.67503538699998,4.226719640000056,3.9456334743671917,0.003367700000126206,0.545217053999977,0.30203065632030857
1.604669907999778,1.8010308080001778,1.7003716433827911,6.350415427999906,7.747580126999765,7.334716900335938,0.014590100000077655,1.0708130000002711,0.4303971632578367
1.2137027959997795,1.428833197000131,1.2654737740077664,3.9235815920001187,4.51515499099969,4.3471229957499915,0.010440099999868835,0.5269054990003497,0.20680635931246627
