min_connection,max_connection,avg_connection,min_send_command,max_send_command,avg_send_command,min_disconnect,max_disconnect,avg_disconnect
1.2692235100000744,1.5017451119999805,1.3281504303281348,5.275452235999865,6.044391840999879,5.761618837179684,0.006707400000095731,0.6826242039999215,0.3158590116484259
1.5146768979998342,1.7647215979995963,1.5862789597187685,4.016557395000291,4.613377094000043,4.413705457328138,0.005188399999951798,0.5191331990004073,0.24348004292188108
1.0834039080000366,1.4831187099998715,1.2816307293827975,2.3803062169999976,4.286314531000244,4.054493989421886,0.0027491999999256223,0.9244972070000586,0.24625767745320815
