min_connection,max_connection,avg_connection,min_send_command,max_send_command,avg_send_command,min_disconnect,max_disconnect,avg_disconnect
1.0578534969999964,1.4433115960000578,1.248818278101556,3.1043722929998694,4.68655968999974,4.437219153460919,0.00538879999976416,0.8285674980002113,0.23269463658595058
1.3703407989996776,1.6317255990006743,1.472762138062464,3.8869627980002406,4.466946498000652,4.330647673000023,0.001302199999372533,0.5283785999999964,0.177355706249962
