min_connection,max_connection,avg_connection,min_send_command,max_send_command,avg_send_command,min_disconnect,max_disconnect,avg_disconnect
1.2570347999999285,1.849028599999997,1.307881936718748,3.9400651990000597,4.428400898999939,4.166861945093764,0.0015414999999165957,0.43513020000000324,0.25490058984375175
1.1964676989996406,1.387595999000041,1.2585701552500055,3.930890295000154,4.271333394000067,4.096607121804713,0.0036344999998618732,0.4158165989997542,0.20996576438282233
1.3140629119998266,1.5431214139998701,1.3712276215859163,4.06933393700001,4.364508939999723,4.2442190649687035,0.0019165000003340538,0.3570247030002065,0.15189232407812625
