min_connection,max_connection,avg_connection,min_send_command,max_send_command,avg_send_command,min_disconnect,max_disconnect,avg_disconnect
1.239854495000145,1.505945992999841,1.3086679596484423,4.550102181000057,5.1926178779999645,4.906869041687502,0.0029789999998683925,0.5616386980000243,0.25618185678124483
1.3050101990002076,1.5459753989998717,1.3696202607187757,4.009429196999918,4.414431897000213,4.294514876687515,0.004100400000424997,0.42401320000044507,0.16564508984374982
1.2596590089997335,1.6438915130001988,1.3056455441953005,4.000969530000475,4.66636963199926,4.326095875453113,0.0019941999998991378,0.5676473029998306,0.3115739571484326
