min_connection,max_connection,avg_connection,min_send_command,max_send_command,avg_send_command,min_disconnect,max_disconnect,avg_disconnect
1.1977318049998757,1.4377222069997515,1.25732344397656,4.60777082200002,6.115753527999914,5.534124855125,0.0033705999999256164,1.1221004049998555,0.553104587960938
1.2125519139999597,1.4184726160001446,1.2862899461640538,5.111902452000322,6.0592104560000735,5.714738923703102,0.019387499999538704,0.7141332029996192,0.3967045181562483
