min_connection,max_connection,avg_connection,min_send_command,max_send_command,avg_send_command,min_disconnect,max_disconnect,avg_disconnect
1.2430576209999344,1.4608988229999795,1.2897343082265618,4.212723013999948,4.768608906000054,4.424093837085943,0.007429400000091846,0.537505395999915,0.3100944837499995
1.2140601989999595,1.4441063979998034,1.272343380515622,3.8918181909998566,4.5608325900002455,4.284238934484353,0.0007946000000629283,0.5180289989998528,0.23600167790621285
1.3089244869997856,1.5932599840007242,1.4305956341953348,3.5262159750000137,4.942943772000035,4.739892956109365,0.0049525999993420555,0.7885080969999763,0.23576184152339152
