min_connection,max_connection,avg_connection,min_send_command,max_send_command,avg_send_command,min_disconnect,max_disconnect,avg_disconnect
1.1616396050001185,1.4222690060000787,1.3025415994765641,4.103976603000092,5.424514800999987,4.975502081765615,0.004743699999835371,1.0658065990000978,0.4658162132577921
1.353442236999399,1.5623417190008695,1.3964998994531044,3.914565888000652,4.205080665999958,3.998318860179687,0.0024147000003722496,0.34251567299997987,0.2171112490859599
1.2103247040004135,1.421693105000486,1.2694502080234784,3.4787711159997343,4.159622320000381,3.960065678398472,0.0021775000004709,0.5513687029997527,0.22697416198432308
