min_connection,max_connection,avg_connection,min_send_command,max_send_command,avg_send_command,min_disconnect,max_disconnect,avg_disconnect
1.2104015019999679,1.7120742030001566,1.2558721524296832,4.914867697999853,5.456657595000024,5.151599864226572,0.0019575999999688065,0.5916849979998915,0.31162529540624995
1.2026154929999393,1.3657821910001076,1.2618733265234106,3.9266174660001525,4.461529762000282,4.282801408828117,0.003928000000087195,0.5359966959999838,0.22745920299218625
1.0788972860000285,1.457272679000198,1.263334237125001,2.424416857000324,4.073737827000514,3.904079084726554,0.0086347989999922,1.4131908740000654,0.2228182535781329
