min_connection,max_connection,avg_connection,min_send_command,max_send_command,avg_send_command,min_disconnect,max_disconnect,avg_disconnect
1.2806092109999554,1.5711797139997543,1.3543739165703208,4.953189445000135,5.432768450000367,5.256457850156259,0.0021005000003242458,0.4316491039999164,0.22651098271094128
1.2510103989998242,1.4126051989996995,1.303163714625022,3.645348697999907,4.435923198000637,4.273282639406254,0.0027884000000995,0.7412718000005043,0.21086131328124935
