min_connection,max_connection,avg_connection,min_send_command,max_send_command,avg_send_command,min_disconnect,max_disconnect,avg_disconnect
1.2135240019997582,1.7357911029998832,1.2638971332577924,4.579588300000069,5.834670997000103,5.093417277789083,0.02084210000020903,1.0792092980000234,0.6273671424609049
1.1749849910002013,1.4293616899994959,1.3179771949218448,3.316109778000282,4.8500030750001315,4.445779996976611,0.004030499999316817,0.7735488970001825,0.3614790156640808
