min_connection,max_connection,avg_connection,min_send_command,max_send_command,avg_send_command,min_disconnect,max_disconnect,avg_disconnect
1.1319368890001442,1.4591087849998985,1.2956846722109479,3.3570972659999825,5.300377148000052,5.044182934765631,0.001691400000026988,1.2354671880000296,0.2837712436249884
1.2651754919997984,1.472343890999582,1.3094111818281249,3.7405013779998626,4.092704376000256,3.8510244173124946,0.00395100000059756,0.41018879799958086,0.2552480493280882
1.2098908000007214,1.4213110000000597,1.2641797124999528,3.6912063010004204,4.407366399999773,4.189285146812452,0.001978399999643443,0.5907901999999012,0.2589113055703507
