min_connection,max_connection,avg_connection,min_send_command,max_send_command,avg_send_command,min_disconnect,max_disconnect,avg_disconnect
1.2095364049996533,1.4334693060000063,1.2558606909765864,3.831243519000054,4.229864522999833,3.938791431789067,0.0033336000001327193,0.43801700299991353,0.2912497631015505
1.3438987780000389,1.6090167339998516,1.4032983849296485,5.923108644999957,7.047107678999964,6.673558739367152,0.008110900000247057,0.8662549079999735,0.37598127074993926
