min_connection,max_connection,avg_connection,min_send_command,max_send_command,avg_send_command,min_disconnect,max_disconnect,avg_disconnect
1.2534373990001768,3.54868620000002,1.4353139708828113,2.251555599999847,4.2019864009998855,3.977939683804683,0.0015728000000763132,0.8232222999999976,0.2158260218750243
1.2738562999998067,1.4339699000001929,1.349951635937522,4.067692693000026,4.420241579000049,4.3046877680624895,0.0012937999999849126,0.3817525879999266,0.1588394534453279
1.2119880030004424,1.4424013040006685,1.284050707328177,3.5687946099997134,4.246496911000577,4.029042251421849,0.0028308999999353546,0.5753051020001294,0.25047211640628575
