min_connection,max_connection,avg_connection,min_send_command,max_send_command,avg_send_command,min_disconnect,max_disconnect,avg_disconnect
1.2481934989999672,1.4847319990000187,1.300457665406248,3.9463773960000026,4.315918694999937,4.078709444609384,0.003526000000078966,0.46823499900006027,0.27524991367187646
1.1069000070001493,1.5097585100002107,1.277854569382793,4.55940025100017,5.812401688000136,5.317144676054713,0.012068700000327226,0.9981028259999221,0.4897228315468958
1.2329590990002544,1.4612824989999353,1.2907671443124968,3.856627400000434,4.417940799999997,4.231884376562469,0.004316600000493054,0.5176234000000477,0.21456187890625955
