min_connection,max_connection,avg_connection,min_send_command,max_send_command,avg_send_command,min_disconnect,max_disconnect,avg_disconnect
1.0951416020000124,1.3986230019997947,1.2606877863749801,2.7984210039999198,4.361164106999922,4.212173498843756,0.0013586999998551619,1.4428251019999152,0.18583389174219178
1.2055341659997794,1.4451675589998558,1.2674812309843304,3.798961997999868,4.125783702000263,3.900083379203103,0.00246419999984937,0.40307330100040417,0.2543860835546994
1.2117638250001619,1.4526404300004288,1.2680391715703294,3.6048403750000944,4.217514787000255,3.968191213312494,0.00032079999982670415,0.4848510100000567,0.26549990379687216
