min_connection,max_connection,avg_connection,min_send_command,max_send_command,avg_send_command,min_disconnect,max_disconnect,avg_disconnect
1.2442173990000356,1.769113599000093,1.551286129468755,2.4072854979999647,4.636703096000019,4.429735360890618,0.004533600000058868,0.9859009990000231,0.22310577261717768
1.1480869990000429,1.3933229989997926,1.254282823218741,3.3764488990000245,4.146986798999933,3.9163014349374876,0.004590200000166078,0.5349912000001495,0.23989640546874114
1.2036554919995979,1.4280841909994706,1.268915614539054,3.594135677999475,4.643110377999619,4.361951677140624,0.0038241000002017245,0.8340164989995174,0.28920205310154756
