min_connection,max_connection,avg_connection,min_send_command,max_send_command,avg_send_command,min_disconnect,max_disconnect,avg_disconnect
1.4400916940000457,1.7979126919999544,1.5226174206406267,3.659338786000035,4.953762181999991,4.744935957515628,0.012657199999978275,0.9445390970000176,0.27389516167187233
1.2295765009998831,1.4651644010000382,1.290036054906249,3.936107402000289,4.370991000999766,4.168655282437488,0.003740399999969668,0.42219419899993227,0.19347999512498504
1.208589698000651,1.556273398000485,1.2605714675312996,3.331531099000131,4.190083598000456,3.856371252867234,0.006509700000606244,0.743882499999927,0.3357404846327867
