min_connection,max_connection,avg_connection,min_send_command,max_send_command,avg_send_command,min_disconnect,max_disconnect,avg_disconnect
1.3256097019998379,1.536859702000129,1.3855206902812753,3.804803602999982,5.121584103000259,4.701422342921877,0.020510600000307022,0.9800768009999956,0.4075618536405976
1.061429890999534,1.384487287000411,1.2502297231562665,2.7165963739998915,4.279143359000045,4.080942807906261,0.0019003999996130005,1.3881545869999172,0.21159142349996785
