min_connection,max_connection,avg_connection,min_send_command,max_send_command,avg_send_command,min_disconnect,max_disconnect,avg_disconnect
1.2410718009999755,1.4825014020000253,1.304459150242181,2.949502303000031,3.500668002999987,3.2745476201640624,0.0008579999999938082,0.46042850000003455,0.1931549578124958
1.0672778040002413,1.3858669049996024,1.2672550029765297,2.594753910000236,4.539837816999807,4.325567001867224,0.007060700000238285,0.8944963029998689,0.23140729524218173
1.2162964029994328,1.5081247039997834,1.298001688179724,4.193011909999768,4.737091709999731,4.458586597664059,0.00521630000002915,0.38272230100028537,0.22554831409374287
