min_connection,max_connection,avg_connection,min_send_command,max_send_command,avg_send_command,min_disconnect,max_disconnect,avg_disconnect
1.2164295069999298,1.4556769079999867,1.2836248728906217,3.9880731199999673,4.334292520999952,4.208968327734372,0.001999700000055782,0.3936949010000035,0.164605722703131
1.214209794999988,1.366203693999978,1.28104011376562,3.7985330820001764,4.39280288000009,4.166365165757821,0.0020323000003372726,0.46088409799995134,0.2593559278984401
1.1504813969995666,1.4753043969994906,1.2867776657500087,2.6204634940004325,4.7282712879996325,4.3653591082734025,0.002419000000372762,0.8498476969998592,0.3620731249531133
