min_connection,max_connection,avg_connection,min_send_command,max_send_command,avg_send_command,min_disconnect,max_disconnect,avg_disconnect
2.4035088260000066,2.721523493000177,2.4747313863827998,6.631738976999941,7.2805183339999076,6.826597240367196,0.006443790999810517,0.7189278020000529,0.46183225092967284
1.2102063940001244,1.4663302939998175,1.2809641838515589,4.038732085999982,4.524776486000064,4.321347569742191,0.002397199999904842,0.4472666990000107,0.22492342007813093
1.2607579040004566,1.409880103999967,1.3211961297812067,3.7290683100000024,4.227272111000275,4.054423392132833,0.0024875999997675535,0.4602645009999833,0.21423847433592869
