min_connection,max_connection,avg_connection,min_send_command,max_send_command,avg_send_command,min_disconnect,max_disconnect,avg_disconnect
1.3403751900000316,1.573347588000047,1.395784010937497,4.339704267999991,5.079930166000054,4.855530742804681,0.003025900000011461,0.64415859799999,0.258940473929683
1.2774796999997307,1.5158274999998866,1.3378059992187445,4.177074701000038,4.855805502000294,4.578311269109378,0.00040840000019670697,0.573725301000195,0.30516619617190344
1.3062022909998632,1.5053490890004468,1.3530372939687751,3.841015476999928,4.348273977000645,4.045923160351592,0.0011528999993970501,0.5760335990007661,0.3251970188750164
