min_connection,max_connection,avg_connection,min_send_command,max_send_command,avg_send_command,min_disconnect,max_disconnect,avg_disconnect
1.1328563039999722,1.4799551039999983,1.2999826016796918,3.082885509999983,4.490111314000046,4.275069499953123,0.0031380000000353903,1.1867374039999845,0.23287721960155938
1.2007860850003453,1.5849254810000275,1.3727284855156299,3.414220858000135,4.836251840999921,4.566695538249991,0.001698800000212941,0.9839208870002949,0.2934594360234577
1.270784600999832,1.505453901000692,1.3304136267812794,3.992497801999889,4.669904702000167,4.398236916062508,0.003000900000188267,0.5355501000003642,0.2923697031249688
