min_connection,max_connection,avg_connection,min_send_command,max_send_command,avg_send_command,min_disconnect,max_disconnect,avg_disconnect
1.3378046830000585,2.386271258999841,1.4080558048828156,5.630017266000095,6.528146045000085,6.231732611000007,0.0038730999999643245,0.912031178999996,0.32609961668750387
1.2138078990001304,1.4558355990002383,1.276514952124998,4.22886029700021,4.893433096000081,4.6402702296561955,0.0029146999995646183,0.546663799000271,0.2832421319687839
1.3294474260001152,1.5353316339997036,1.3674323669766437,4.105209439999271,5.0272633720005615,4.392359166101556,0.007145399999899382,0.8003129279995846,0.5258275354452664
