min_connection,max_connection,avg_connection,min_send_command,max_send_command,avg_send_command,min_disconnect,max_disconnect,avg_disconnect
1.3060564049999357,1.5460483059999888,1.380552557367185,3.7507662080000728,4.402304108999942,4.187195929234374,0.0018910000000005311,0.5137077009999302,0.2541516039609375
1.2836953030000586,1.5083871040001213,1.3432244832734774,4.728713811000034,5.267801211000005,4.913367435703098,0.006312500000149157,0.5910475009995935,0.3588271975859243
1.20587911200073,1.4695297150001352,1.262478544531298,3.3994731329994465,4.558909446000143,4.367879947859322,0.005814400000417663,0.9404443100002027,0.22362744112503918
