min_connection,max_connection,avg_connection,min_send_command,max_send_command,avg_send_command,min_disconnect,max_disconnect,avg_disconnect
1.3868859970000358,1.6246608959999094,1.4491470657265593,4.255254990999902,4.89950318700005,4.648249130546875,0.0021785999999792693,0.5265246980000029,0.28768623778905944
1.4831598999999187,1.6848931999998058,1.534762928124998,3.730930203999833,4.430628605000038,4.295934479148446,0.0013808000003336929,0.6565913009999349,0.18350290553907556
1.3692257049997352,1.5918013059999794,1.4229768521015558,4.209458416000416,4.834532916000171,4.581686515164023,0.0024346000000150525,0.4891377009998905,0.283659059421872
