min_connection,max_connection,avg_connection,min_send_command,max_send_command,avg_send_command,min_disconnect,max_disconnect,avg_disconnect
1.1538708009998118,1.60191930100018,1.384274825218732,2.435645601000033,4.43507450099969,4.090186187718729,0.000841000000036729,0.8189136999999391,0.2404896687500191
1.5984792079998442,1.8900473100002273,1.6724460458594663,6.314067758999954,7.375443429999905,7.001772415140678,0.005159299999832001,0.9059718550006437,0.413570408187546
