min_connection,max_connection,avg_connection,min_send_command,max_send_command,avg_send_command,min_disconnect,max_disconnect,avg_disconnect
1.4604032010001902,1.7686712020001778,1.5447702754297001,5.617153318999726,6.156746321000128,5.928289505796869,0.008899800000108371,0.4907304019998264,0.2964937878281191
1.2469391009999526,1.4956167009995625,1.306693461937492,3.849590597000315,4.513069695000013,4.287112050203142,0.0017571999997016974,0.543142598000486,0.24834204792190917
