min_connection,max_connection,avg_connection,min_send_command,max_send_command,avg_send_command,min_disconnect,max_disconnect,avg_disconnect
1.2526916010001514,1.8559735009998803,1.3172291931874867,3.619862602000012,4.239957102000062,4.00778353168749,0.003670099999908416,0.5015171000000009,0.2310247781250041
1.083002401000158,1.4638611010004752,1.2681807103749918,3.042098001999875,5.09038541100017,4.7723524961563015,0.013915999999881024,0.8963760039996487,0.32050828633597206
