min_connection,max_connection,avg_connection,min_send_command,max_send_command,avg_send_command,min_disconnect,max_disconnect,avg_disconnect
1.259522200000447,1.4532234999996945,1.3077184554687484,4.343534896000165,5.036198995000177,4.663010254125005,0.004768899999817222,0.6699381989997164,0.37285403038280407
1.192075200000545,1.392620700000407,1.2612460554687175,3.7242695009999807,4.969882800999585,4.720690586937522,0.0028896999992866768,0.9509295999996539,0.26613206874992557
