min_connection,max_connection,avg_connection,min_send_command,max_send_command,avg_send_command,min_disconnect,max_disconnect,avg_disconnect
0.45234670300010293,1.4142225089999556,1.079140286906231,0.1433024010000281,0.7094986050001353,0.34173164292186087,0.00019150000002809975,0.09234119999996437,0.01454501576564482
0.5341479009998693,2.008439800999895,1.0037957722031194,0.08610869999984061,0.5303218999997625,0.2797365546875028,0.00015940000002956367,0.05049140000028274,0.0088453265625148
0.49991610000006403,1.883114299999761,0.9297459918124815,0.08611530000007406,0.512129000999721,0.27821849075004224,0.00020479999966482865,0.04036860099995465,0.007607184359400776
0.506833196000116,1.7638316849997864,0.9119610171093626,0.08620519899977808,0.401573696000014,0.2609506274530702,0.0001511999998911051,0.05514719900020282,0.010149606171907521
0.5206151980000868,1.1954770970005484,0.8295117495312638,0.10987930000010238,0.5447871980004493,0.27040072885931465,0.00017099999968195334,0.09711659999993572,0.014224488984297068
