min_connection,max_connection,avg_connection,min_send_command,max_send_command,avg_send_command,min_disconnect,max_disconnect,avg_disconnect
3.6045274929999778,5.4625230930000725,4.838566851140627,0.07540629999994053,0.5135592999999972,0.18362015620312633,0.00013590000003205205,0.056229199999961565,0.008670229687517406
3.4812827119999383,5.448240812999757,4.733480423328118,0.07544149999966976,0.5097199010001532,0.18888088468751363,0.000137400000312482,0.06598200100006579,0.009866059421881346
3.6832531090003613,5.564248113999838,4.9145819579375,0.07545299999992494,0.4276714020002146,0.20054784895310718,0.00013169999965612078,0.04606760000024224,0.008923354734371003
3.4286613939993913,5.490209290000166,4.8789932589687055,0.07576299999982439,0.4275701990000016,0.16802557154687747,0.00014009999995323597,0.0817815000000337,0.00652646406261681
3.2860290970002097,5.623333189999357,4.793898568781259,0.07547650000014983,0.47372589800033893,0.1891648479218162,0.000135999999656633,0.05620900000030815,0.009079682765559483
