min_connection,max_connection,avg_connection,min_send_command,max_send_command,avg_send_command,min_disconnect,max_disconnect,avg_disconnect
1.2923636489999808,2.961029311999937,1.6913799044843607,0.0859740039998087,0.6069861230000697,0.3330293734999792,2.2006711960000302,2.3511805890000232,2.25049510460936
0.8437801019999824,1.2920798019999893,1.0895437237343657,0.10102939999978844,0.3339954999996735,0.21646231893750212,2.2005236019999757,2.3244153030000234,2.2225745963281156
1.1085943999996744,2.6387539000002107,1.6874561015625247,0.0860275999998521,0.5914591000000655,0.309186515625008,2.2005345000002308,2.3501000999999633,2.241100074999977
1.0720242930001405,2.6544305830002486,1.698720662156319,0.08589419899999484,0.655601294999542,0.3069986792343258,2.2006686849999824,2.372477283999615,2.2447586819686762
1.0194661989999076,2.001535390999379,1.607141655812498,0.08712389900028938,0.6013554950004618,0.2869519089063033,2.2006756829996448,2.357462781999857,2.2438736830625317
