min_connection,max_connection,avg_connection,min_send_command,max_send_command,avg_send_command,min_disconnect,max_disconnect,avg_disconnect
0.5307234979998157,0.5307234979998157,0.5307234979998157,0.08665930000006483,0.08665930000006483,0.08665930000006483,2.2008988889999728,2.2008988889999728,2.2008988889999728
