min_connection,max_connection,avg_connection,min_send_command,max_send_command,avg_send_command,min_disconnect,max_disconnect,avg_disconnect
2.3741256099999646,3.216462272000058,2.857943245609361,0.13180189500008055,0.5210455789999742,0.3243743995781294,0.031861498000012034,0.2236226910000596,0.10979889725000191
2.127174995000132,3.1539040869997734,2.6833368367030985,0.14975269899969135,0.603578096000092,0.32612314764065786,0.04608120000011695,0.3038502980002704,0.11880532571876046
2.1516011040002923,3.0158786070001042,2.671091704828079,0.10019600000032369,0.49548140100023375,0.3050007788749909,0.050941400000283465,0.2731808999997156,0.11781405653128729
2.270202968999911,3.054773157999989,2.736804711218724,0.10729669899956207,0.5119838930004335,0.3195831693281974,0.03630840000005264,0.3804961949999779,0.12145387501564642
2.1702610000002096,3.008990000000267,2.6775755984374996,0.12251710000055027,0.6371856000005209,0.3197389812500546,0.04561959999955434,0.2228875999999218,0.11888177031248404
2.0711290090002876,3.131545912000547,2.695459071906214,0.10830530000021099,0.4538790019996668,0.29138146684375954,0.0499376999996457,0.23346410100020876,0.11381723631241414
