min_connection,max_connection,avg_connection,min_send_command,max_send_command,avg_send_command,min_disconnect,max_disconnect,avg_disconnect
0.9708131019999655,2.59907880500009,2.0191584864218584,0.18244349999986298,0.7112465010000051,0.44581993206250203,0.03278709999995044,0.6385752010000942,0.18190664724999195
1.1131393079999725,2.522441319000336,1.9987270366718946,0.19199400100023922,0.7621689050001805,0.4850008238124701,0.033957699999973556,0.6144179049997547,0.2181951312968522
0.9536274000001868,2.6587793990001956,1.998352896500002,0.18485599999985425,0.7265316990001338,0.4832314059218419,0.027063600000019505,0.5832242000001315,0.23507801234378434
1.0624358949999078,2.6080066869999428,2.033677355906235,0.1874644999998054,0.654787497000143,0.4652994634218999,0.040315900000678084,0.47072889799983386,0.16472034765625665
0.8760645010006556,2.57692900299935,1.9961068942186841,0.18484540100052982,0.7602991000003385,0.4746441506405574,0.03912829999990208,0.5933278000002247,0.18720551734378432
