min_connection,max_connection,avg_connection,min_send_command,max_send_command,avg_send_command,min_disconnect,max_disconnect,avg_disconnect
1.3663499060000959,2.223961509999981,1.8305191755781145,0.12393830099995284,0.6676347029999761,0.3653560751718885,2.2006485100000646,2.458711912000126,2.2495334649374996
1.392584213000191,2.4107115220003834,1.9585588584843876,0.09632910100026493,0.8323976070000754,0.4377080445781374,2.2010799199997564,2.4723607219998485,2.2582685767343804
1.2304956050002147,2.1237640079998528,1.7842405881718832,0.10589010000012422,0.5864980030000879,0.34818114196876593,2.200773905999995,2.4336318089999622,2.2455483466406108
1.1658485999996628,2.1849868990002506,1.8044669036874552,0.09844199999952252,0.7237404990000869,0.3560444732656691,2.200690998999562,4.3469526970002335,2.3489905137812173
1.1493729040003018,2.179699408000488,1.8133071644218433,0.09702519999973447,0.6121083020007063,0.35006257467185264,2.20055310799944,2.4361595089994807,2.2547171941250213
