min_connection,max_connection,avg_connection,min_send_command,max_send_command,avg_send_command,min_disconnect,max_disconnect,avg_disconnect
1.2485882990001755,2.221626097999888,1.826706634593755,0.14751249999994798,0.5208642990000953,0.33578937157813726,2.200613098000076,2.413209998999946,2.2516417847812527
1.2524085119998745,1.9739002180003808,1.6436605795624502,0.10794150099991384,0.4904576039998574,0.2937687996875269,2.200560021000001,2.357630821999919,2.2389515101562694
1.2896349989996452,2.0289482979997047,1.6384862097187067,0.09707980000075622,0.5659645999994609,0.3060340169218847,2.2006632989996433,2.37767299799998,2.2461700782812386
1.2494301009992341,1.957754902000488,1.667331846874987,0.11503819999961706,0.62739830099963,0.32340865968750165,2.2006680000004053,2.361903001000428,2.2394809063750216
1.2822332870000537,2.1246790790000887,1.7387100372188513,0.10051379899960011,0.5521259950000967,0.35097595587502894,2.2006784870000047,2.386887583999851,2.2636982803281853
