min_connection,max_connection,avg_connection,min_send_command,max_send_command,avg_send_command,min_disconnect,max_disconnect,avg_disconnect
1.8772598180000841,2.8395105279998916,2.396923018953128,0.11889100100006544,0.6269250060001923,0.3381724455624848,2.2006080109999857,2.3621505179999076,2.245198999109352
1.9143031329999758,3.008083148999958,2.5131516320468563,0.11464119999982358,0.610907600000246,0.3664554917969127,2.2006901979998474,2.4166348980002113,2.2533358213281502
1.9544137070001852,2.933243510000011,2.5237688838594323,0.10071260099994106,0.7234716019997904,0.37841207632817486,2.2005743079998865,2.35585220799976,2.240461237468743
1.9450636539995685,2.980284829000084,2.5825103758125323,0.1268321970001125,0.7118314829995143,0.42219448989058606,2.2007355469995673,2.3731373439995878,2.2508226493750527
1.9375294999999824,3.6780816999998933,2.5135262343749787,0.0963886999998067,0.6167790999998033,0.3602601312500724,2.20065330000034,2.3713670999995884,2.252861112531207
