min_connection,max_connection,avg_connection,min_send_command,max_send_command,avg_send_command,min_disconnect,max_disconnect,avg_disconnect
1.153196330000128,1.8957670489999146,1.5879535048906028,0.13538160300004165,0.5310576140000194,0.32766127564065783,2.200572055000066,2.3665338599998904,2.236786265656253
1.2689070030000948,2.0508608049999566,1.6877974386875039,0.1259390010000061,0.5757980019998286,0.3362111650312727,2.2006058059996576,2.36179350600014,2.2529660886562795
1.0618769939997037,1.900464490000104,1.6258068005781254,0.12094899899966549,0.5401986970000507,0.3287594185624627,2.200536580000062,2.357758980000199,2.2426341854843628
1.27011011400009,2.3727911269998003,1.9260369229843235,0.10695890099941607,0.7411546080002154,0.42233419062505106,2.200739510999483,2.5924408190003305,2.2765242849375937
1.1003601029997299,1.960572506999597,1.6388109930156247,0.1339810009994835,0.6062721030002649,0.3366286389374551,2.200586408000163,2.376441208999495,2.2466301178594534
