min_connection,max_connection,avg_connection,min_send_command,max_send_command,avg_send_command,min_disconnect,max_disconnect,avg_disconnect
1.1671377099999063,2.3687015209999345,1.620011476874998,0.09606840000003558,0.5105894050000188,0.29698211039061917,3.079999999044958e-05,0.0100004999999328,0.0007014515781236241
1.0881156000000374,1.8544432989999677,1.5587215980312408,0.09610520000001088,0.5715692999999646,0.2966815762500019,2.9300000051080133e-05,0.020361999999977343,0.0005077546875114081
1.0771052959998997,1.9448084919999928,1.5945051964218635,0.09669510000003356,0.45584789799977443,0.288106009812509,3.4300000152143184e-05,0.010073200000078941,0.0006131890468594747
1.23548028300047,1.9295002750004642,1.6448690814218878,0.09622519899949111,0.5514560920000804,0.30339575700006094,3.51999997292296e-05,0.02507889900061855,0.00172532964064942
1.0520095019992368,1.9379118030001337,1.634232484031216,0.09730529999978899,0.536132901000201,0.30809963179687827,3.889999970851932e-05,0.02034579999963171,0.0013456796874748989
1.4374691490002078,2.233167375999983,1.8624020981563518,0.1003784029999224,0.6378404219994991,0.315156773250024,3.1600000511389226e-05,0.030506101000355557,0.0019010937969170527
