min_connection,max_connection,avg_connection,min_send_command,max_send_command,avg_send_command,min_disconnect,max_disconnect,avg_disconnect
1.9449155980000796,3.2184528969999064,2.6559396336093712,0.1006168000001253,0.6283026999999493,0.3629454340781315,0.02229089999991629,0.33964319999995496,0.1347463186718585
1.9222914000001765,2.8780237000000852,2.534108871968755,0.10775910000029398,0.6027945999999247,0.34066057206247535,0.05112429999962842,0.2636720000000423,0.12542569073434606
1.9530242030000409,3.0869769019996056,2.6470858795312466,0.12012060000006386,0.6381182009999975,0.33202596031252796,0.036863499999981286,0.23746609999989232,0.11779898725000493
2.114059706000262,3.1126719089998005,2.616795004578151,0.1162382010006695,0.5003702020003402,0.3082610853750367,0.03678189999936876,0.29850480100049026,0.12030782220311664
2.018724003999523,3.0643000059999395,2.6977631911563407,0.12126140100008342,0.7076680019999912,0.34906650568761677,0.03630909999992582,0.2535544000002119,0.11599170192187103
