min_connection,max_connection,avg_connection,min_send_command,max_send_command,avg_send_command,min_disconnect,max_disconnect,avg_disconnect
2.2156314160001784,3.2735969760001353,2.7891077396406487,0.13335739500007548,0.6983463740000388,0.4036761455468678,0.030449098000190133,0.27913228899979003,0.13071583882811666
2.136594083000091,3.248720675000186,2.8465097714375176,0.08754879900016022,0.6489835950001179,0.37362961896877067,0.048197098999935406,0.3089157979998163,0.12538178176562553
2.0496004950000497,3.275462291999702,2.6863142542500142,0.12498279900000853,0.6523488980001275,0.3618473255624792,0.03495010000006005,0.3039174989999083,0.13101223562500763
1.9551179070003855,3.3911519120001685,2.90974497778123,0.09567700099978538,0.8980901029999586,0.3717056637656526,0.050528299999314186,0.32036230100038665,0.12767371929690796
1.973494314999698,3.2250002249993486,2.7118470490781448,0.09212610099984886,0.7355414060002659,0.34810154015625017,0.043303699999341916,0.2912154019995796,0.1249985994999463
