min_connection,max_connection,avg_connection,min_send_command,max_send_command,avg_send_command,min_disconnect,max_disconnect,avg_disconnect
3.6535055360000115,4.801639842999975,4.256419826625017,0.17740380100008224,0.6520026040000175,0.4148609323906136,0.025280200999986846,0.2843121009998413,0.09245843962499478
4.015951001999838,5.318110102999981,4.827113355984373,0.08627450099993439,0.6206910999999309,0.3970441141875014,0.02499420000003738,0.28853140000001076,0.1045541986093852
3.3316166979998343,4.759281599000133,4.137161709218766,0.09078599899976325,0.5977109000000382,0.4136540327656206,0.0369937000000391,0.23764630000005127,0.09850519204689334
3.35136209600023,4.694493898000474,4.082158270812457,0.13754379999954836,0.6520923010002662,0.3935199242031331,0.03761440099970059,0.24825030000010884,0.09775103462497725
3.4272517080007674,4.82240431199989,4.229011997499995,0.12583160099984525,0.6265386009999929,0.42771503535942657,0.030425499999182648,0.2293928999997661,0.0943229580310998
