min_connection,max_connection,avg_connection,min_send_command,max_send_command,avg_send_command,min_disconnect,max_disconnect,avg_disconnect
2.0003135080000902,2.9872727970000597,2.6212418497031287,0.1301641979998749,0.6012132019998262,0.3483918899218814,0.029240698999956294,0.283983396000167,0.11378102507812571
2.1682348960002855,3.0956394969998655,2.707627785406217,0.08843449899995903,0.5815585999998802,0.3357696906093395,0.010992799999712588,0.22825590000002194,0.1168699077812505
1.9756625980003264,2.9801649969999744,2.6226168895000157,0.13511359999984052,0.6075764990000607,0.35354376223436645,0.05088340000020253,0.2330735000000459,0.11841183115626563
2.077502896000624,2.940810593999231,2.573319369343764,0.099450099999558,0.550872998000159,0.33381509779685814,0.0248660999995991,0.2933205999997881,0.11643387614063272
2.1520215949994963,3.3246617929999047,2.618983564625026,0.08651629999985744,0.5249074989997098,0.32978367110939644,0.037974799999574316,0.3248469000000114,0.12352573562499458
