min_connection,max_connection,avg_connection,min_send_command,max_send_command,avg_send_command,min_disconnect,max_disconnect,avg_disconnect
1.9295582839999952,3.2822878739998487,2.5904623192031337,0.08994569899982707,0.7129695940000147,0.35296371589062403,2.2007715959998677,2.387439989000086,2.2498538122343703
1.896850197999811,3.5775866970002426,2.5905251525312707,0.09652109999979075,0.6849315990002651,0.38300367473437547,2.200600285999826,2.4332889970000906,2.250912966015612
1.99970709299987,3.7044626880001488,2.727236769234416,0.08679440000014438,0.6999175979999563,0.36411324101560893,2.2006674929998553,2.433089491999908,2.2539338567499954
1.9165976119993502,3.3527250209999693,2.6551138055625927,0.10676980100015498,0.7464763050002148,0.37515553834381876,2.2006351119998726,2.4216039140001158,2.2474365662499736
1.9917070990004504,3.141957898000328,2.644824629718727,0.10207100000025093,0.6794240990002436,0.38846431840627815,2.2008839059999445,4.310990815999503,2.289219904484341
