min_connection,max_connection,avg_connection,min_send_command,max_send_command,avg_send_command,min_disconnect,max_disconnect,avg_disconnect
0.5014697020001222,1.335597302999986,1.0105100853124824,0.11579790000018875,0.7695555019997755,0.37858852442188606,0.00019369999995433318,0.07093370000006871,0.013586400046886382
0.6943810030002169,2.4736509109998224,1.1930657555624933,0.0863059000002977,0.8295992040002602,0.3945331143125017,0.00023210000017570565,0.06097679999993488,0.014635084375001384
0.5963787000000593,1.8763632989998769,0.9187382499843579,0.08597400000007838,0.4220365999999558,0.2883905109375462,0.00015919999987090705,0.0710825000001023,0.008465134375001071
0.49111109800014674,2.0332310859994323,0.9065212663750657,0.08603589799986366,0.4923337979998905,0.2784176666406353,0.0002012999993894482,0.05465469899991149,0.008777896812475205
0.5202916999996887,1.9346929029998137,0.8739373232500611,0.08605609999995067,0.46645879999960016,0.25963410339066684,0.0001627000001462875,0.055484399999841116,0.008201306265590347
