min_connection,max_connection,avg_connection,min_send_command,max_send_command,avg_send_command,min_disconnect,max_disconnect,avg_disconnect
1.3379099990000896,2.571679699000015,2.1467642505624998,0.16958840000006603,1.039198199999987,0.4515500953124949,0.028817199999934928,0.4166702999999643,0.16082722187499954
1.5407695969997803,3.7934745930001554,2.2417115018125173,0.09697229900029924,0.8791138980000142,0.4502520787499975,0.05093829999987065,0.3262743989998853,0.15318814487498145
1.1814718959999482,2.94474148900008,1.7245036176875246,0.10630219999984547,0.5710509990003629,0.379843811281269,0.038086499000201,0.24297019899995576,0.12282221979682362
0.6980869999997594,1.3462472990004244,1.0330674332343932,0.10946419999982027,0.3423547000002145,0.21484442620301536,0.018867799999497947,0.17273349999959464,0.0791570483593631
0.5175104999998439,1.705059197999617,1.2558453764843875,0.09644180000032065,0.4083788990001267,0.2615707497499926,0.02776940000057948,0.19629990000066755,0.09671796557815071
