min_connection,max_connection,avg_connection,min_send_command,max_send_command,avg_send_command,min_disconnect,max_disconnect,avg_disconnect
0.9027782030000253,3.637765312000056,1.806498381062525,0.1086474010000984,0.7470743020001009,0.4879146219218775,2.301193307000176,5.230176817000029,3.2081963449843762
0.9990149010000096,3.031714103000013,1.7313436361562466,0.1361378000001423,0.5718078009999772,0.3920203285937731,2.3011728019996553,4.842267902999993,2.8466576416406184
1.2357462889999624,3.1446972680000727,1.7507142161405937,0.09719079900014549,0.8509755909999512,0.4340285500156469,2.301123975000337,4.797974747999888,2.94877965382814
1.2724488030007706,3.236531507000109,1.7968058008750347,0.13073760099996434,0.6537316010007999,0.4287573400468574,2.301133005000338,4.983024111000304,2.9168218360312466
1.01656880200062,2.206549303000429,1.7481305809064054,0.21822980100023415,0.7144544010006939,0.432012080359371,2.408654003000265,4.767685607000203,2.8376073180624246
