min_connection,max_connection,avg_connection,min_send_command,max_send_command,avg_send_command,min_disconnect,max_disconnect,avg_disconnect
1.1806067979998716,2.93866359499998,1.6910975660781276,0.10675670000000537,0.5369316989999788,0.3197900448125033,2.2006486970001333,2.4363324959999773,2.2489478137031185
1.1725529990003452,1.9871119980002732,1.672564064078145,0.10994090000031065,0.5621069999997417,0.33368382937499064,2.200678207999772,2.422477102999892,2.247826557609372
1.114209903000301,2.0676066060000267,1.7033606658437748,0.12285139999994499,0.6328945019999992,0.332151902546876,2.2006826070000898,2.4516296069996315,2.249407765953137
1.1691744099998687,2.0825401190004413,1.7177747014219307,0.10701830100060761,0.6334201059999032,0.32567864982816275,2.200711819999924,2.417351322000286,2.253957790718715
1.1783761910000976,2.003348484000526,1.6493880305625055,0.10300229899985425,0.5419460960001743,0.3280920865000354,2.200675781999962,2.5316062799993233,2.2591777521405874
