min_connection,max_connection,avg_connection,min_send_command,max_send_command,avg_send_command,min_disconnect,max_disconnect,avg_disconnect
1.9036321890000636,2.8691385829999945,2.497225223906245,0.107089698999971,0.7113489959999697,0.34064971987501025,3.079999987676274e-05,0.05112949999988814,0.002080309375003253
1.9793183010001485,2.8237655019997874,2.455018824874948,0.11107240000001184,0.7144167000001289,0.3645162612030859,3.190000006725313e-05,0.010304200000064156,0.0007255359375406556
1.8816478099997767,2.8913399160001063,2.507953655828075,0.09626550000029965,0.5869633040001645,0.35106684257807785,3.290000040578889e-05,0.015318599999773141,0.0005685437499636237
2.013745098999607,2.7723953979993894,2.431952353500023,0.10738600000058796,0.6102242999995724,0.35035224965619705,3.119999928458128e-05,0.03573139999934938,0.0008431828123889318
1.831643384999552,3.631890169000144,2.517555568062562,0.09638909999921452,0.5915370949996941,0.3366679815781879,3.170000036334386e-05,0.030586800000492076,0.0009047562499659989
