min_connection,max_connection,avg_connection,min_send_command,max_send_command,avg_send_command,min_disconnect,max_disconnect,avg_disconnect
4.070527605000052,5.953804407999996,4.6269792812812405,0.1166680000001179,0.2528617000000395,0.17172535796875366,0.00015890000008766947,0.015813499999921987,0.0023365375000139466
4.32710576799991,5.925565817000006,4.635574931031215,0.11657409500003268,0.32210618699991755,0.1982761349218478,0.00015759999996589613,0.01379819999965548,0.003559193656236914
4.245045818000108,6.147573831000045,4.619637495843797,0.1165398949997325,0.2646653880001395,0.1854602384374644,0.00016009999990274082,0.014984999999796855,0.0032607794375252297
4.233960288999697,6.182836496000164,4.6227053671562,0.11647690100016916,0.43808870100019703,0.2840953760781275,0.00015280000025086338,0.04369500000029802,0.0073608797031425865
4.275410883000404,6.144060969999373,4.6044949441874365,0.11944890000086161,0.21194479899986618,0.15940955206244212,0.00014120000014372636,0.010351900000387104,0.0016982327968975142
