min_connection,max_connection,avg_connection,min_send_command,max_send_command,avg_send_command,min_disconnect,max_disconnect,avg_disconnect
0.6121799999999666,2.3798292989999936,1.6774464866874936,0.10289720000002944,1.2080882989999964,0.5504201060781249,2.200821497999982,2.6423726990000205,2.324419239078132
0.7158839010000975,2.3085313070000666,1.7008565130312334,0.10143070000003718,1.0834012049999728,0.4380610940468834,2.2007225089998883,2.586692611000217,2.282277470515627
0.6318582130002142,2.0310352439996677,1.4573746827343328,0.10117010300018592,1.1327483249997385,0.4974031544843669,2.200671336999676,2.6914966539998204,2.295500269906242
0.5214999010004249,2.202166405000753,1.5227789470000062,0.10085780000008526,1.0613798019994647,0.5022366635624991,2.2007277060001798,2.6521082070003104,2.308240261093786
0.6988244990006933,2.120862696000586,1.510343888062522,0.100604898999336,1.025794698000027,0.49467033517181846,2.200589196999317,2.592637296000248,2.3078696351562087
0.5804051979994256,2.1526116920003915,1.511858711578114,0.10293610000007902,1.0055510959991807,0.4661448887655695,2.200505398000132,4.331521195999812,2.326463657968759
