min_connection,max_connection,avg_connection,min_send_command,max_send_command,avg_send_command,min_disconnect,max_disconnect,avg_disconnect
5.688150867999866,7.534917765000046,6.996243674031245,0.2511021999998775,0.8047530020000977,0.44222177093748627,1.5541084040000896,1.9247720050000225,1.6426632856405945
5.571353082999849,7.800490871999955,7.058225577343769,0.2322779989999617,0.7560842970001431,0.4857689369374967,1.5471055889997842,1.8806469919995834,1.6626458911875304
6.481685172000198,7.767810067000028,7.301902723578117,0.32954279900013717,0.757414897000217,0.5153462199375269,1.543432993999886,1.883026792000237,1.656194904500012
6.214929817999291,7.883578113000112,7.190669805843754,0.14029470099922037,0.7753438979998464,0.44483347404684537,1.5430234719997316,1.875483701000121,1.6643386883749969
5.910639789000015,7.574321785000393,6.945617436593807,0.2541211990001102,0.7385341990002416,0.4572906396406893,1.569270296000468,1.9112975950001783,1.6592234008282105
