min_connection,max_connection,avg_connection,min_send_command,max_send_command,avg_send_command,min_disconnect,max_disconnect,avg_disconnect
1.3231084070000634,2.119845411000142,1.8142136018750072,0.10782950099996924,0.5316637030000493,0.3167163860937414,2.2006770090001737,2.481676913000001,2.2538997194374986
1.299832386000162,2.2361328720003257,1.8279896225625052,0.0978191990002415,0.571251392999784,0.32095370843748583,2.200832872999854,2.368787570999757,2.2521036441406395
1.2733665030000338,2.268847705000553,1.8590535919530993,0.10987620000014431,0.5427635010000813,0.3452790523124918,2.2006216059999133,2.4613818059997357,2.252105613406158
1.2984631959998296,2.3642567940005392,1.9496729917344169,0.11233469999933732,0.6296531979996871,0.34435391625002865,2.2006460949996836,2.377393793999545,2.2562500086405493
1.3511158880000949,2.3470840789996146,1.8899859702812591,0.0974480989998483,0.6124151950007217,0.3281517049374969,2.200679689000026,2.361379780999414,2.2475692075311997
