min_connection,max_connection,avg_connection,min_send_command,max_send_command,avg_send_command,min_disconnect,max_disconnect,avg_disconnect
1.5163902019999114,3.0804718050001156,2.085544445484384,0.09668650000003254,0.617872301000034,0.36547028343750654,2.200882603000082,2.4219157039999573,2.2656925926718756
1.7886139469997033,3.6583208960000775,2.5350337572656017,0.09642050200000085,0.7255564189999859,0.37987468965627613,2.2005980570002066,4.352003015000264,2.3151352811718624
1.3919817390005846,3.0915030670003034,2.0805622200937393,0.09704150000015943,0.6071161170002597,0.3423283879530743,2.2006358090002323,2.4313881210000545,2.2617739323593327
1.418031203999817,3.075208809000287,2.0963741984219126,0.09816359999967972,0.6878160020005453,0.35168738693754165,2.200839606000045,4.3314137130000745,2.28008093339065
1.4985915919996842,2.5370160809998197,2.1152321217969074,0.09660289899966301,0.7608503920000658,0.4000162679844266,2.200762679000036,4.336763057999633,2.2926182046250574
