min_connection,max_connection,avg_connection,min_send_command,max_send_command,avg_send_command,min_disconnect,max_disconnect,avg_disconnect
2.9738019110000096,4.076974616999905,3.6780990554374924,0.17629780100014614,0.5303603029999522,0.3145030436406344,2.2005353100000775,2.393017111000063,2.2463672383281157
2.9122309029999087,4.038360004999959,3.6048646084687164,0.13394130000006044,0.4891648000002533,0.2828551378594142,2.2006352019998303,2.3620668019998448,2.239342099046837
2.97687889000008,4.007489484999951,3.610505344656282,0.0859375,0.5944495970002208,0.27851429725003385,2.20058218999975,2.3319128889997955,2.2309235741249793
2.920226697000544,4.080798095999853,3.647699871624951,0.09036110000033659,0.46031959999982064,0.29055561540623387,2.200762998000755,2.3713804979997803,2.2414522759062265
2.9660079049999695,4.369722507000006,3.614545820218808,0.11599939999996423,0.42931859999953303,0.2694635627812545,2.200535901999501,2.351238702000046,2.2261615004530313
