min_connection,max_connection,avg_connection,min_send_command,max_send_command,avg_send_command,min_disconnect,max_disconnect,avg_disconnect
5.272420703999842,6.967224834000035,6.21385711510937,0.12122119499986184,0.9820995630000198,0.42366012604689374,10.00079308100021,10.163643848999982,10.024802842171859
3.5547408150000592,4.997868621999714,4.499827095734389,0.15478140300001542,0.6478122030002851,0.3956671497031934,10.00144302200033,10.081349625000257,10.019056221359406
4.572791220999989,6.574940129999959,5.718339983703125,0.19326480100016852,0.9119929040002717,0.4762023676874918,10.004454394999811,10.125213799999983,10.01960926610942
4.159760200999699,5.588657911000155,5.007148008343748,0.11364660100025503,0.6932594039999458,0.4182544707968532,10.002415085999928,10.057312727999488,10.019211063437453
3.733261487999698,5.0335577760006345,4.538493460953148,0.0868192990001262,0.7172155959997326,0.33353300425000043,10.000441086999672,10.047923794999406,10.014490101500044
