min_connection,max_connection,avg_connection,min_send_command,max_send_command,avg_send_command,min_disconnect,max_disconnect,avg_disconnect
0.5092558000000054,1.2378656020000562,0.9490159197500017,0.2038691000000199,0.5305075009999882,0.38303263782811925,10.189947935999953,10.696649739000009,10.42950567987499
0.5043035000001055,2.47429710099982,0.9812808015781229,0.08608730000014475,0.5766677999999956,0.3870294953124862,10.17517682699986,10.608950726000103,10.408849260093739
0.512794901000234,2.4559642039998835,0.9226516670625671,0.08595160000004398,0.47934720100010964,0.34429296615623173,10.154763522000394,10.666757120000057,10.38589606860939
0.4838367130005281,2.4510325659994123,0.955914286828019,0.08601960299984057,0.5678123150000829,0.37140842254677864,10.154989786000442,10.671459047999633,10.400872847906257
0.5592897010001252,2.506407801000023,0.9285324475781067,0.08611280100012664,0.5595518000000084,0.34451704845307063,10.153966302999834,10.615482203999818,10.392119552421775
0.5070873230006328,1.2786728589999257,0.9298563237031914,0.20647631000065303,0.5697823260006771,0.3732089358437918,10.165094910000334,10.644627454000329,10.400198074296867
