min_connection,max_connection,avg_connection,min_send_command,max_send_command,avg_send_command,min_disconnect,max_disconnect,avg_disconnect
3.354531683999994,5.216259980000018,4.3579115500625,0.11235580000004575,0.5193023990000256,0.30575004318749777,2.200712795000072,2.3562930949999554,2.236421468671878
3.4627258040000015,4.901475610000034,4.446295607406277,0.1203841999999895,0.5817874019999181,0.3041429058125118,2.200718408999819,2.367486810000173,2.241506388750004
3.352890910000042,5.0625982139999905,4.459768895156273,0.1601089000000684,0.5042476010003156,0.31912787899999984,2.200622204999945,2.387776305999978,2.251583180531277
3.5790004769996813,4.8106138719995215,4.404741200562469,0.13263469899993652,0.5694377969994093,0.308713817062511,2.200618988000315,2.3567945880004117,2.2407796706093848
3.5064492030005567,4.849936505000187,4.391682176140591,0.12327199999981531,0.4796785999997155,0.30289588159368463,2.2006748009998773,4.347191302999818,2.2643512904530354
3.345866011999533,4.838259316999938,4.383793969843708,0.1385794010002428,0.4689091019999978,0.3014879822187737,2.2006289079999988,2.3921580079995692,2.2438150467343263
