min_connection,max_connection,avg_connection,min_send_command,max_send_command,avg_send_command,min_disconnect,max_disconnect,avg_disconnect
3.2949948929999664,4.803348115999825,4.331329618609381,0.10259940099990672,0.5104691090000415,0.26742748265625593,6.601527411999996,6.775595715999998,6.640463702062522
3.416568500000267,4.9746614010000485,4.424704996578107,0.08626660000027186,0.5460115010000663,0.2921562188125364,6.6012506920001215,6.872600697000053,6.639141136453141
3.300509997000063,4.824027797999861,4.421257350828135,0.1168772999999419,0.5525525009998091,0.26997452703119507,6.6012120099999265,6.773286412000289,6.637056633015639
3.360180980000223,4.910046670999691,4.507764742234443,0.10771669899986591,0.5663935960001254,0.2805406889374922,6.601392335000128,6.887959378000232,6.6393782979687614
3.3737374219999765,5.259199533000356,4.5267400162812095,0.11701230000016949,0.5617071029992076,0.2982439612968619,6.601274655000452,6.867892954000126,6.646456535906225
