min_connection,max_connection,avg_connection,min_send_command,max_send_command,avg_send_command,min_disconnect,max_disconnect,avg_disconnect
4.160841993000076,6.597748984999953,5.458298437187494,0.11979790000009416,0.8452482970001256,0.376793683171865,6.602230320999979,8.754249817000073,6.719108379625016
3.620008106000114,5.151396507999834,4.723756632000011,0.10284409999985655,0.5929201009998906,0.2778594862812156,6.601341307999974,6.80900930900043,6.644724861203102
3.6983925139998064,5.289744130000145,4.864046579953097,0.09179870100024345,0.7501018069997372,0.29306844495315687,6.6014921470000445,6.832651059,6.642685756531222
3.803859439000007,5.172500252999271,4.7389023469842755,0.1227943010007948,0.672450906999984,0.2972139530469349,6.601285808999819,6.814002402999904,6.635599903734374
3.696072505000302,5.4756856119993245,4.97069454432814,0.1001670000005106,0.571190502000718,0.30713636837504055,6.601664520999293,8.71766292600023,6.687700042437484
