min_connection,max_connection,avg_connection,min_send_command,max_send_command,avg_send_command,min_disconnect,max_disconnect,avg_disconnect
2.753301405000002,3.1920253050000156,2.9643743111249847,0.08877520000010009,0.18356919999996535,0.12984252193749057,0.00017800000000534055,0.013215199999990546,0.003162828125001127
2.7226163029999952,3.1647518029999446,2.9777733706093628,0.08602640000003703,0.20885910000015429,0.1365101127187387,0.00020659999995586986,0.011705099999971935,0.003487064093739889
2.7562209079997047,3.1361921090001488,2.951043264890636,0.08620759999985239,0.17252740100002484,0.12071292854684401,0.0001554000000396627,0.011508099999900878,0.0020754812656349486
2.79856171099982,3.098387813000045,2.9514517994062572,0.08721810000042751,0.17321090099994763,0.12901314885938575,0.00011939999967580661,0.011318699999719684,0.0029920703125014825
2.7903348959998766,3.1127802959999826,2.96428134006257,0.08694250000007742,0.16742709900063346,0.11609580137505304,0.00016460000006190967,0.01754649899976357,0.002254071859283613
2.7150185729997247,3.5418217639999057,2.9701985249531475,0.08608729900061007,0.18492429800062382,0.12168053939059575,0.00018400000044493936,0.01588960000026418,0.0026642437343298297
