CPU time, RAM usage, Time taken
0.030440999999999996,2052,0.039878129959106445
0.02035099999999998,132,0.039669036865234375
