CPU time, RAM usage, Time taken
0.063132,2380,0.07170295715332031
0.05130399999999999,2376,0.07010579109191895
