CPU time, RAM usage, Time taken
0.138542,3068,1.1535789966583252
0.12895,4988,1.1408421993255615
