CPU time, RAM usage, Time taken
0.058653999999999984,76,1.077777624130249
0.059683000000000014,76,1.0672109127044678
