CPU time, RAM usage, Time taken
0.044638999999999984,392,0.05138397216796875
0.04329000000000002,332,0.05261683464050293
