CPU time, RAM usage, Time taken
0.08068900000000001,2444,1.1030116081237793
0.09006,464,1.1032555103302002
