CPU time, RAM usage, Time taken
0.11112500000000003,1828,0.12058138847351074
0.10972799999999999,1956,0.11572742462158203
