CPU time, RAM usage, Time taken
0.20916899999999997,4816,1.2226459980010986
0.20704100000000003,4816,1.219003677368164
