CPU time, RAM usage, Time taken
0.037272,132,0.04554009437561035
0.039437,2052,0.04843282699584961
