CPU time, RAM usage, Time taken
0.07342300000000002,728,1.082930088043213
0.07536899999999999,2760,1.0877375602722168
