CPU time, RAM usage, Time taken
0.09090199999999998,336,1.1032862663269043
0.09248599999999998,400,1.1018507480621338
