CPU time, RAM usage, Time taken
0.043800000000000006,460,0.05265045166015625
0.04449299999999998,2380,0.05534505844116211
