CPU time, RAM usage, Time taken
0.06557899999999997,140,1.0800552368164062
0.060849000000000014,2052,1.0738122463226318
