CPU time, RAM usage, Time taken
0.03309200000000001,132,0.044513702392578125
0.030349999999999988,132,0.03957700729370117
