CPU time, RAM usage, Time taken
0.06800900000000001,900,1.0798835754394531
0.068852,76,1.0805485248565674
