CPU time, RAM usage, Time taken
0.026760000000000006,2052,0.040845632553100586
0.034400000000000014,2052,0.042577266693115234
