CPU time, RAM usage, Time taken
0.05674599999999999,460,0.06610250473022461
0.06150099999999997,336,0.07078719139099121
