CPU time, RAM usage, Time taken
0.114731,408,1.12577486038208
0.11929600000000001,340,1.1307010650634766
