CPU time, RAM usage, Time taken
0.07501999999999998,468,1.0866968631744385
0.07497099999999998,4428,1.0827546119689941
