CPU time, RAM usage, Time taken
0.03889999999999999,2376,0.04642653465270996
0.037034999999999985,2320,0.027600765228271484
