CPU time, RAM usage, Time taken
0.619215,1992,1.6335196495056152
0.641193,1992,1.6546814441680908
