CPU time, RAM usage, Time taken
0.235327,3696,0.25257229804992676
0.24048799999999998,1720,0.2501199245452881
