CPU time, RAM usage, Time taken
0.067055,16,1.079134225845337
0.063799,4100,1.0782277584075928
