CPU time, RAM usage, Time taken
0.25620699999999996,4092,0.2660491466522217
0.249949,4096,0.25911855697631836
