CPU time, RAM usage, Time taken
0.507753,4480,1.5181972980499268
0.5347740000000001,4360,1.5485198497772217
