CPU time, RAM usage, Time taken
0.038249000000000005,332,0.04694795608520508
0.040101,2376,0.04847383499145508
