CPU time, RAM usage, Time taken
0.20526799999999998,1064,1.2194139957427979
0.17606799999999997,3104,1.1991212368011475
