CPU time, RAM usage, Time taken
0.094615,2320,0.1045677661895752
0.08799499999999999,456,0.09869885444641113
