CPU time, RAM usage, Time taken
0.287927,1984,0.3077061176300049
0.310252,3960,0.31859636306762695
