CPU time, RAM usage, Time taken
0.07576399999999997,4432,1.0893728733062744
0.09403600000000001,2544,1.1037442684173584
