CPU time, RAM usage, Time taken
0.525771,5256,1.5494399070739746
0.5229269999999999,3204,1.5357635021209717
