CPU time, RAM usage, Time taken
0.031253999999999976,8,0.04048609733581543
0.030521999999999994,132,0.03886675834655762
