CPU time, RAM usage, Time taken
0.07398599999999997,732,1.0857467651367188
0.071741,2784,1.0848419666290283
