CPU time, RAM usage, Time taken
0.037194000000000005,2052,0.04564380645751953
0.03525500000000001,2720,0.04471755027770996
