CPU time, RAM usage, Time taken
0.06831900000000002,140,1.0793888568878174
0.066661,140,1.081895351409912
