CPU time, RAM usage, Time taken
0.031643000000000004,132,0.04199099540710449
0.029689999999999994,132,0.03862190246582031
