CPU time, RAM usage, Time taken
0.078483,928,0.08178448677062988
0.08939599999999998,984,0.09889507293701172
