CPU time, RAM usage, Time taken
0.207039,2904,1.211850881576538
0.18955300000000003,3028,1.1981277465820312
