CPU time, RAM usage, Time taken
0.03422,2488,0.04487442970275879
0.034246,516,0.04400992393493652
