CPU time, RAM usage, Time taken
0.07926799999999998,468,1.0910298824310303
0.07089600000000001,616,1.0853018760681152
