CPU time, RAM usage, Time taken
0.08619799999999997,2500,1.0986895561218262
0.08875599999999997,2376,1.101902961730957
