CPU time, RAM usage, Time taken
0.05019600000000002,400,0.05876278877258301
0.040656,400,0.04245138168334961
