CPU time, RAM usage, Time taken
0.049720000000000014,2376,0.05891680717468262
0.047405,2320,0.05748796463012695
