CPU time, RAM usage, Time taken
0.096023,2512,1.1193363666534424
0.10007800000000003,2500,1.1138930320739746
