CPU time, RAM usage, Time taken
0.05218499999999998,2376,0.06061220169067383
0.05187900000000001,2320,0.06295156478881836
