CPU time, RAM usage, Time taken
0.09983799999999998,340,1.122859001159668
0.117695,2500,1.129547119140625
