CPU time, RAM usage, Time taken
0.05871899999999999,400,0.07509183883666992
0.057298000000000016,2320,0.0656285285949707
