CPU time, RAM usage, Time taken
0.44061000000000006,10360,0.45037150382995605
0.44975200000000004,10424,0.4588637351989746
