CPU time, RAM usage, Time taken
0.9534979999999998,11660,1.9709866046905518
0.9408230000000001,13804,1.951831340789795
