CPU time, RAM usage, Time taken
0.11821799999999999,2500,1.1313879489898682
0.11596500000000001,2376,1.1280553340911865
