CPU time, RAM usage, Time taken
0.06606000000000001,76,1.080977201461792
0.06824099999999997,2176,1.0819945335388184
