CPU time, RAM usage, Time taken
0.03190800000000002,2052,0.040627479553222656
0.032844999999999985,132,0.04194903373718262
