CPU time, RAM usage, Time taken
0.053314,456,0.06306695938110352
0.049883999999999984,400,0.054527997970581055
