CPU time, RAM usage, Time taken
0.10976599999999997,2444,1.1230168342590332
0.09545799999999999,2376,1.1155052185058594
