CPU time, RAM usage, Time taken
0.03282299999999999,2052,0.04132533073425293
0.03242499999999998,8,0.04227852821350098
