CPU time, RAM usage, Time taken
0.062141,2176,1.0796689987182617
0.075601,140,1.0870349407196045
