CPU time, RAM usage, Time taken
0.03198599999999999,132,0.04138922691345215
0.03319,2052,0.04277992248535156
