CPU time, RAM usage, Time taken
0.038230000000000014,568,0.04790377616882324
0.03646099999999999,676,0.04598832130432129
