CPU time, RAM usage, Time taken
0.07556299999999999,2680,1.0852398872375488
0.073188,644,1.0726912021636963
