CPU time, RAM usage, Time taken
0.053917999999999994,2112,1.0764331817626953
0.06245999999999999,2176,1.0757551193237305
