CPU time, RAM usage, Time taken
0.06487699999999999,140,1.075326919555664
0.062771,2176,1.073702096939087
