CPU time, RAM usage, Time taken
0.030403000000000013,8,0.02972579002380371
0.034241999999999995,68,0.043944358825683594
