CPU time, RAM usage, Time taken
0.083009,2444,1.0966823101043701
0.07797799999999999,2504,1.0898447036743164
