CPU time, RAM usage, Time taken
0.039358000000000004,332,0.04826831817626953
0.03881899999999999,400,0.0467529296875
