alcatel_aos,alcatel_sros,allied_telesis_awplus,arista_eos,aruba_os,avaya_ers,avaya_vsp,broadcom_icos,brocade_netiron,checkpoint_gaia,cisco_asa,cisco_ftd,cisco_ios,cisco_nxos,cisco_s300,cisco_xr,dell_force10,dlink_ds,eltex,ericsson_ipos,extreme_exos,hp_comware,hp_procurve,huawei_smartax,huawei_vrp,ipinfusion_ocnos,juniper_junos,linux,ubiquiti_edgerouter,ubiquiti_edgeswitch,vyatta_vyos,yamaha,zyxel_os
0.21670007705688477,3.1183528900146484,2.655189037322998,0.6617491245269775,0.43588995933532715,2.592111110687256,2.62593412399292,2.762131929397583,2.5882740020751953,0.370028018951416,1.0175280570983887,0.18637418746948242,0.6823387145996094,0.6856732368469238,2.817910671234131,10.644386053085327,0.4093036651611328,2.809239149093628,2.5994350910186768,0.6231338977813721,2.801851987838745,2.660889148712158,6.467750310897827,2.6415441036224365,2.7062315940856934,4.966190814971924,11.175622940063477,0.19892311096191406,5.167880058288574,5.099383115768433,5.278985023498535,0.5054910182952881,2.48044490814209
0.20322513580322266,3.261916160583496,2.677845001220703,0.6913719177246094,0.43433284759521484,2.6384639739990234,2.621814012527466,2.78682279586792,2.596651077270508,0.3851180076599121,0.9907681941986084,0.19884991645812988,0.6797261238098145,0.6452569961547852,2.8113677501678467,10.627899169921875,0.42052316665649414,2.8136260509490967,2.5771188735961914,0.6081187725067139,2.8025360107421875,2.6659719944000244,6.467872142791748,2.6103320121765137,2.704866886138916,4.944001197814941,11.190442085266113,0.2064650058746338,5.227940082550049,5.151155948638916,5.270234823226929,0.5188190937042236,2.477591037750244
