min_connection,max_connection,avg_connection,min_send_command,max_send_command,avg_send_command,min_disconnect,max_disconnect,avg_disconnect
10.068933463997382,10.077715502000501,10.073324482998942,0.07193386000290047,0.08112736400289577,0.07653061200289812,0.04409172099985881,0.04426456299916026,0.044178141999509535
10.074547568001435,10.07467729599739,10.074612431999412,0.08322901900100987,0.08439387299949885,0.08381144600025436,0.05065228999956162,0.051679601001524134,0.051165945500542875
