min_connection,max_connection,avg_connection,min_send_command,max_send_command,avg_send_command,min_disconnect,max_disconnect,avg_disconnect
10.074208064997947,10.074691539000924,10.074449801999435,0.08139040400055819,0.08193213399863453,0.08166126899959636,0.04469599199728691,0.04496174399901065,0.04482886799814878
10.073469676000968,10.082026692998625,10.077748184499796,0.07169715399868437,0.08261240800129599,0.07715478099999018,0.043083049000415485,0.04409438500078977,0.04358871700060263
