min_connection,max_connection,avg_connection,min_send_command,max_send_command,avg_send_command,min_disconnect,max_disconnect,avg_disconnect
10.075258208999003,10.075258208999003,10.075258208999003,0.0006688930006930605,0.0006688930006930605,0.0006688930006930605,0.010765450999315362,0.010765450999315362,0.010765450999315362
10.161856362003164,10.161856362003164,10.161856362003164,0.0016383410002163146,0.0016383410002163146,0.0016383410002163146,0.010174383998673875,0.010174383998673875,0.010174383998673875
