min_connection,max_connection,avg_connection,min_send_command,max_send_command,avg_send_command,min_disconnect,max_disconnect,avg_disconnect
10.07562975199994,10.077867052000101,10.076982476999945,0.07084470299992063,0.0810564030000478,0.07590837800006511,0.04394740199995795,0.047730201000149464,0.045714776500062726
