min_connection,max_connection,avg_connection,min_send_command,max_send_command,avg_send_command,min_disconnect,max_disconnect,avg_disconnect
10.066614411000046,10.078589811000029,10.072992186000022,0.07155250000005253,0.08106079999993199,0.07857577500004709,0.04581519999987904,0.047873600000002625,0.046855325000024095
