min_connection,max_connection,avg_connection,min_send_command,max_send_command,avg_send_command,min_disconnect,max_disconnect,avg_disconnect
10.077175960999739,10.077175960999739,10.077175960999739,0.0007757300008961465,0.0007757300008961465,0.0007757300008961465,0.010782453999127029,0.010782453999127029,0.010782453999127029
10.065449284000351,10.065449284000351,10.065449284000351,0.002208792000601534,0.002208792000601534,0.002208792000601534,0.01046170399786206,0.01046170399786206,0.01046170399786206
