min_connection,max_connection,avg_connection,min_send_command,max_send_command,avg_send_command,min_disconnect,max_disconnect,avg_disconnect
10.072393536000163,10.0806322310018,10.076512883500982,0.07356588000038755,0.08222341399959987,0.07789464699999371,0.042813627998839365,0.05604935100200237,0.04943148950042087
10.0625047800022,10.07257841899991,10.067541599501055,0.07231340100042871,0.08205244900091202,0.07718292500067037,0.045891175999713596,0.04595629300092696,0.04592373450032028
