min_connection,max_connection,avg_connection,min_send_command,max_send_command,avg_send_command,min_disconnect,max_disconnect,avg_disconnect
10.070004979999794,10.070004979999794,10.070004979999794,0.000625900000159163,0.000625900000159163,0.000625900000159163,0.0107492370007094,0.0107492370007094,0.0107492370007094
10.06839446000231,10.06839446000231,10.06839446000231,0.0011930600012419745,0.0011930600012419745,0.0011930600012419745,0.010330955999961589,0.010330955999961589,0.010330955999961589
