min_connection,max_connection,avg_connection,min_send_command,max_send_command,avg_send_command,min_disconnect,max_disconnect,avg_disconnect
10.069642617999989,10.077436117999923,10.07339191799997,0.07145800100011002,0.0817211009998573,0.07678165099997614,0.043929501000093296,0.056039301000055275,0.04780007599998726
