min_connection,max_connection,avg_connection,min_send_command,max_send_command,avg_send_command,min_disconnect,max_disconnect,avg_disconnect
10.063725034997333,10.063725034997333,10.063725034997333,0.0008307770003739279,0.0008307770003739279,0.0008307770003739279,0.01059458500094479,0.01059458500094479,0.01059458500094479
10.081117285997607,10.081117285997607,10.081117285997607,0.0021727669991378207,0.0021727669991378207,0.0021727669991378207,0.011368911000317894,0.011368911000317894,0.011368911000317894
