min_connection,max_connection,avg_connection,min_send_command,max_send_command,avg_send_command,min_disconnect,max_disconnect,avg_disconnect
10.068546333000995,10.069823038000322,10.069184685500659,0.08165142600046238,0.08166215699748136,0.08165679149897187,0.04311685399807175,0.044106129000283545,0.043611491499177646
10.067384213998594,10.069446814002731,10.068415514000662,0.0724590609970619,0.08367748700038646,0.07806827399872418,0.04900822200215771,0.05172103400036576,0.050364628001261735
