min_connection,max_connection,avg_connection,min_send_command,max_send_command,avg_send_command,min_disconnect,max_disconnect,avg_disconnect
10.07499678299996,10.091460682999923,10.08564493299997,0.07105619900016791,0.08152369899994483,0.07861862400000064,0.047714399999904344,0.05556530000012572,0.05252040000004854
