min_connection,max_connection,avg_connection,min_send_command,max_send_command,avg_send_command,min_disconnect,max_disconnect,avg_disconnect
10.06224909500088,10.06224909500088,10.06224909500088,0.001224383002409013,0.001224383002409013,0.001224383002409013,0.0109418829997594,0.0109418829997594,0.0109418829997594
10.1708070220011,10.1708070220011,10.1708070220011,0.0015869310009293258,0.0015869310009293258,0.0015869310009293258,0.01104359699820634,0.01104359699820634,0.01104359699820634
