min_connection,max_connection,avg_connection,min_send_command,max_send_command,avg_send_command,min_disconnect,max_disconnect,avg_disconnect
10.087614706997556,10.089429920000839,10.088522313499197,0.08150456700241193,0.08204712100268807,0.08177584400255,0.04533936200095923,0.046173997998266714,0.04575667999961297
10.068811091998214,10.07058824699925,10.069699669498732,0.07575681099842768,0.08408209100161912,0.0799194510000234,0.050411061998602236,0.05747074999817414,0.05394090599838819
