min_connection,max_connection,avg_connection,min_send_command,max_send_command,avg_send_command,min_disconnect,max_disconnect,avg_disconnect
10.079824476000113,10.08138467599997,10.08048390099998,0.07076680599993779,0.08172040699992067,0.07861738174995025,0.04421860399997968,0.04601920400000381,0.045139353999957166
