min_connection,max_connection,avg_connection,min_send_command,max_send_command,avg_send_command,min_disconnect,max_disconnect,avg_disconnect
10.06925341599981,10.080935815999965,10.077543515999935,0.07062790100007987,0.08091820099980396,0.07821165100000371,0.04532199999994191,0.05761479999978292,0.0539951749998977
10.07402894400002,10.087796543999957,10.08372269399996,0.06999850000011065,0.08098160000008647,0.07566445000003341,0.04542750099994919,0.058412700999951994,0.04950005074999808
