min_connection,max_connection,avg_connection,min_send_command,max_send_command,avg_send_command,min_disconnect,max_disconnect,avg_disconnect
10.062834839998686,10.062834839998686,10.062834839998686,0.0007012200003373437,0.0007012200003373437,0.0007012200003373437,0.011517311999341473,0.011517311999341473,0.011517311999341473
10.175602249000804,10.175602249000804,10.175602249000804,0.0011165310024807695,0.0011165310024807695,0.0011165310024807695,0.010939304000203265,0.010939304000203265,0.010939304000203265
