min_connection,max_connection,avg_connection,min_send_command,max_send_command,avg_send_command,min_disconnect,max_disconnect,avg_disconnect
10.063428378998651,10.063428378998651,10.063428378998651,0.0009506360001978464,0.0009506360001978464,0.0009506360001978464,0.01084233899746323,0.01084233899746323,0.01084233899746323
10.072608675000083,10.072608675000083,10.072608675000083,0.0010945850008283742,0.0010945850008283742,0.0010945850008283742,0.010549393999099266,0.010549393999099266,0.010549393999099266
