min_connection,max_connection,avg_connection,min_send_command,max_send_command,avg_send_command,min_disconnect,max_disconnect,avg_disconnect
10.068095380000159,10.078282193000632,10.073188786500396,0.07150165900020511,0.07154447200082359,0.07152306550051435,0.04539375500098686,0.04543017200194299,0.045411963501464925
10.083398564998788,10.08364392400108,10.083521244499934,0.08199116400282946,0.08203957999648992,0.08201537199965969,0.043956891997368075,0.05395553999915137,0.04895621599825972
