min_connection,max_connection,avg_connection,min_send_command,max_send_command,avg_send_command,min_disconnect,max_disconnect,avg_disconnect
10.078679334998014,10.07942403800189,10.079051686499952,0.07144961999802035,0.0815201520017581,0.07648488599988923,0.059446187002322404,0.060022231002221815,0.05973420900227211
10.072307164999074,10.072817877000489,10.072562520999782,0.0723410190003051,0.08284511700185249,0.07759306800107879,0.05041474599784124,0.06093241100097657,0.055673578499408904
