min_connection,max_connection,avg_connection,min_send_command,max_send_command,avg_send_command,min_disconnect,max_disconnect,avg_disconnect
10.070747054999856,10.078655555000068,10.07465250499996,0.07066480100002082,0.08086780200005705,0.0760369015000606,0.046089702000017496,0.057821501000034914,0.05434310150002375
