min_connection,max_connection,avg_connection,min_send_command,max_send_command,avg_send_command,min_disconnect,max_disconnect,avg_disconnect
10.069863819997408,10.07161529500081,10.07073955749911,0.08350817500104313,0.08434188199680648,0.0839250284989248,0.06113022700083093,0.061143866998463636,0.06113704699964728
10.069131911001023,10.069512498001131,10.069322204501077,0.08152691199939,0.08167570800287649,0.08160131000113324,0.04618750900044688,0.04661476299952483,0.046401135999985854
