min_connection,max_connection,avg_connection,min_send_command,max_send_command,avg_send_command,min_disconnect,max_disconnect,avg_disconnect
10.177090201999818,10.177090201999818,10.177090201999818,0.0012208269981783815,0.0012208269981783815,0.0012208269981783815,0.010827426998730516,0.010827426998730516,0.010827426998730516
10.07083298300131,10.07083298300131,10.07083298300131,0.0010184599996136967,0.0010184599996136967,0.0010184599996136967,0.01058192199707264,0.01058192199707264,0.01058192199707264
