min_connection,max_connection,avg_connection,min_send_command,max_send_command,avg_send_command,min_disconnect,max_disconnect,avg_disconnect
10.068523266000057,10.082375365999951,10.078414815999963,0.07081809999999678,0.0812869999999748,0.07609880000001112,0.045199700000011944,0.04737959999988561,0.0462368249999372
