min_connection,max_connection,avg_connection,min_send_command,max_send_command,avg_send_command,min_disconnect,max_disconnect,avg_disconnect
10.176180766997277,10.176180766997277,10.176180766997277,0.0015842720022192225,0.0015842720022192225,0.0015842720022192225,0.010381759999290807,0.010381759999290807,0.010381759999290807
10.072941288002767,10.072941288002767,10.072941288002767,0.0006742020013916772,0.0006742020013916772,0.0006742020013916772,0.010526163001486566,0.010526163001486566,0.010526163001486566
