min_connection,max_connection,avg_connection,min_send_command,max_send_command,avg_send_command,min_disconnect,max_disconnect,avg_disconnect
10.074187417998473,10.074559270000464,10.074373343999468,0.08147011999972165,0.08278276100099902,0.08212644050036033,0.04421572299906984,0.05185901299773832,0.04803736799840408
10.070137560000148,10.07067305199962,10.070405305999884,0.08145621599760489,0.08158212000125786,0.08151916799943137,0.04493039299995871,0.045110430000931956,0.045020411500445334
