min_connection,max_connection,avg_connection,min_send_command,max_send_command,avg_send_command,min_disconnect,max_disconnect,avg_disconnect
10.085967717999893,10.09034009600009,10.08806375499995,0.08089788799998132,0.08114678800006914,0.08101888775001953,0.045598236000159886,0.047249733999933596,0.046428935499989166
