min_connection,max_connection,avg_connection,min_send_command,max_send_command,avg_send_command,min_disconnect,max_disconnect,avg_disconnect
10.068388308000067,10.088987008000004,10.078209733000051,0.08072760000004564,0.0813321000000542,0.08102060000004485,0.04738610000003973,0.048807800000076895,0.04804152499997372
10.079655225000124,10.081585724999968,10.081043450000038,0.07078549900006692,0.0807789989999037,0.07337289899999178,0.04529349899985391,0.05816199899982166,0.05395184899992955
