min_connection,max_connection,avg_connection,min_send_command,max_send_command,avg_send_command,min_disconnect,max_disconnect,avg_disconnect
10.07287346099838,10.07287346099838,10.07287346099838,0.0013368500003707595,0.0013368500003707595,0.0013368500003707595,0.010614721999445464,0.010614721999445464,0.010614721999445464
10.066122704000009,10.066122704000009,10.066122704000009,0.0005757219987572171,0.0005757219987572171,0.0005757219987572171,0.010339542997826356,0.010339542997826356,0.010339542997826356
