min_connection,max_connection,avg_connection,min_send_command,max_send_command,avg_send_command,min_disconnect,max_disconnect,avg_disconnect
10.074249432997021,10.075371167000412,10.074810299998717,0.08121145599943702,0.08179152099910425,0.08150148849927064,0.04745756099873688,0.04906301599839935,0.048260288498568116
10.062542284998926,10.069848033999733,10.06619515949933,0.07122601500304881,0.08096266299980925,0.07609433900142903,0.04539098500026739,0.047330342000350356,0.046360663500308874
