min_connection,max_connection,avg_connection,min_send_command,max_send_command,avg_send_command,min_disconnect,max_disconnect,avg_disconnect
10.078455365000991,10.079687058998388,10.07907121199969,0.07214248799937195,0.08147896199807292,0.07681072499872243,0.05110189500192064,0.059772157001134474,0.055437026001527556
10.075078444999235,10.083480810000765,10.0792796275,0.08281074100159458,0.084221635999711,0.08351618850065279,0.05213143099899753,0.05300324699783232,0.052567338998414925
