min_connection,max_connection,avg_connection,min_send_command,max_send_command,avg_send_command,min_disconnect,max_disconnect,avg_disconnect
10.073544594000055,10.089315493999948,10.081793918999978,0.07086699999990742,0.08104659999992236,0.07387907499995094,0.04472539999994751,0.04700089999994361,0.04592062499997951
10.073608873000012,10.081981872999904,10.07633277299999,0.07081150099998013,0.08094720200006122,0.07833217675005244,0.047420100999943315,0.05697220100000777,0.05251695100002962
