min_connection,max_connection,avg_connection,min_send_command,max_send_command,avg_send_command,min_disconnect,max_disconnect,avg_disconnect
10.076016462000553,10.076016462000553,10.076016462000553,0.0014921610018063802,0.0014921610018063802,0.0014921610018063802,0.010740076999354642,0.010740076999354642,0.010740076999354642
10.158336847998726,10.158336847998726,10.158336847998726,0.0015715020017523784,0.0015715020017523784,0.0015715020017523784,0.010095308000018122,0.010095308000018122,0.010095308000018122
