min_connection,max_connection,avg_connection,min_send_command,max_send_command,avg_send_command,min_disconnect,max_disconnect,avg_disconnect
10.069298978000006,10.072061361999658,10.070680169999832,0.08317957100007334,0.08319259500058251,0.08318608300032793,0.043843278999702306,0.05113320799864596,0.04748824349917413
10.066815924998082,10.0769482709984,10.071882097998241,0.08207213900095667,0.08361550599875045,0.08284382249985356,0.053494119998504175,0.061463943999115145,0.05747903199880966
