min_connection,max_connection,avg_connection,min_send_command,max_send_command,avg_send_command,min_disconnect,max_disconnect,avg_disconnect
10.072134495,10.076413294999838,10.074200670000039,0.07123329999990347,0.08155130000000099,0.07647384999995666,0.0445690999999897,0.05622329999982867,0.05081112499999563
10.068900639000049,10.088208139000017,10.081428463999998,0.07096320000005107,0.08159999999998035,0.07880569999997533,0.046061799999961295,0.05710980000003474,0.05181369999996832
