min_connection,max_connection,avg_connection,min_send_command,max_send_command,avg_send_command,min_disconnect,max_disconnect,avg_disconnect
10.06846829099959,10.06846829099959,10.06846829099959,0.0012302009999984875,0.0012302009999984875,0.0012302009999984875,0.010880099001951749,0.010880099001951749,0.010880099001951749
10.063558701000147,10.063558701000147,10.063558701000147,0.0009127800003625453,0.0009127800003625453,0.0009127800003625453,0.010594282997772098,0.010594282997772098,0.010594282997772098
