min_connection,max_connection,avg_connection,min_send_command,max_send_command,avg_send_command,min_disconnect,max_disconnect,avg_disconnect
10.067765654999675,10.067914744002337,10.067840199501006,0.08190965700123343,0.08223494099729578,0.0820722989992646,0.05435408600169467,0.0544559929985553,0.054405039500124985
10.065990391998639,10.067065390001517,10.066527891000078,0.08184524299940676,0.08204354799818248,0.08194439549879462,0.04353327400167473,0.05094722300054855,0.04724024850111164
