min_connection,max_connection,avg_connection,min_send_command,max_send_command,avg_send_command,min_disconnect,max_disconnect,avg_disconnect
10.063747190000868,10.063747190000868,10.063747190000868,0.0015999399984139018,0.0015999399984139018,0.0015999399984139018,0.010526213998673484,0.010526213998673484,0.010526213998673484
10.078466293001838,10.078466293001838,10.078466293001838,0.0005961229981039651,0.0005961229981039651,0.0005961229981039651,0.010600940997392172,0.010600940997392172,0.010600940997392172
