min_connection,max_connection,avg_connection,min_send_command,max_send_command,avg_send_command,min_disconnect,max_disconnect,avg_disconnect
10.067146779998438,10.067146779998438,10.067146779998438,0.0005740540000260808,0.0005740540000260808,0.0005740540000260808,0.010854470001504524,0.010854470001504524,0.010854470001504524
10.067396071000985,10.067396071000985,10.067396071000985,0.0016250730004685465,0.0016250730004685465,0.0016250730004685465,0.010540757000853773,0.010540757000853773,0.010540757000853773
