min_connection,max_connection,avg_connection,min_send_command,max_send_command,avg_send_command,min_disconnect,max_disconnect,avg_disconnect
10.068956180999521,10.071066630000132,10.070011405499827,0.07312049599931925,0.0822255809980561,0.07767303849868767,0.05178781100039487,0.05450348700105678,0.053145649000725825
10.068260486001236,10.07043756100029,10.069349023500763,0.08333373400091659,0.0841896669990092,0.0837617004999629,0.04331624399856082,0.05222917599894572,0.04777270999875327
