min_connection,max_connection,avg_connection,min_send_command,max_send_command,avg_send_command,min_disconnect,max_disconnect,avg_disconnect
10.076449295999964,10.0810629959999,10.078700670999922,0.07113329999992857,0.08111110000004373,0.07371162499998718,0.044436200000063764,0.05682869999986906,0.04846870000000081
10.074935958999959,10.078632858999981,10.077054533999956,0.07078890000002502,0.0816236000000572,0.07600422500001969,0.044925001000137854,0.05851540100002239,0.051413451000030364
