min_connection,max_connection,avg_connection,min_send_command,max_send_command,avg_send_command,min_disconnect,max_disconnect,avg_disconnect
10.066941518000021,10.078711818000102,10.074306593000017,0.07050720100005492,0.07077820100016652,0.07066940100008878,0.04667309999990721,0.04892240000003767,0.04735892500002592
