min_connection,max_connection,avg_connection,min_send_command,max_send_command,avg_send_command,min_disconnect,max_disconnect,avg_disconnect
10.069313521002186,10.071040504000848,10.070177012501517,0.08111354900029255,0.08166126400101348,0.08138740650065301,0.053692444002081174,0.05589379799857852,0.05479312100032985
10.082054186001187,10.082126250999863,10.082090218500525,0.08344549100002041,0.08361969099860289,0.08353259099931165,0.044502557000669185,0.04568840400315821,0.0450954805019137
