min_connection,max_connection,avg_connection,min_send_command,max_send_command,avg_send_command,min_disconnect,max_disconnect,avg_disconnect
10.074862542001938,10.074862542001938,10.074862542001938,0.0010843870004464407,0.0010843870004464407,0.0010843870004464407,0.011051912999391789,0.011051912999391789,0.011051912999391789
10.080982775998564,10.080982775998564,10.080982775998564,0.0010055870006908663,0.0010055870006908663,0.0010055870006908663,0.010280143000272801,0.010280143000272801,0.010280143000272801
