min_connection,max_connection,avg_connection,min_send_command,max_send_command,avg_send_command,min_disconnect,max_disconnect,avg_disconnect
10.074150771999939,10.077470572000038,10.075893071999985,0.0807236999999077,0.0816056999999546,0.08105609999995522,0.045577000999855954,0.04870420099996409,0.0471801509999068
