min_connection,max_connection,avg_connection,min_send_command,max_send_command,avg_send_command,min_disconnect,max_disconnect,avg_disconnect
10.072084038998582,10.07449555399944,10.073289796499012,0.08143838799878722,0.08154195799943409,0.08149017299911065,0.04322645800129976,0.04544113399970229,0.044333796000501025
10.064934617999825,10.074070812999707,10.069502715499766,0.07207292299790424,0.08265319199927035,0.0773630574985873,0.044969523998588556,0.054262008001387585,0.04961576599998807
