min_connection,max_connection,avg_connection,min_send_command,max_send_command,avg_send_command,min_disconnect,max_disconnect,avg_disconnect
10.075643072000048,10.088059771999951,10.081562672000018,0.07062460099996315,0.08071250099987992,0.07318577599994569,0.04644919999986996,0.05602199999998447,0.04945509999998876
10.077980289999914,10.087363990000085,10.080621889999975,0.07076999899982184,0.08084079900004326,0.0782766990000141,0.04546770000001743,0.04837990000009995,0.04697132500001544
