min_connection,max_connection,avg_connection,min_send_command,max_send_command,avg_send_command,min_disconnect,max_disconnect,avg_disconnect
10.074118914999417,10.074118914999417,10.074118914999417,0.0009243470012734178,0.0009243470012734178,0.0009243470012734178,0.01056198800142738,0.01056198800142738,0.01056198800142738
10.065544252000109,10.065544252000109,10.065544252000109,0.0005170139993424527,0.0005170139993424527,0.0005170139993424527,0.010427139000967145,0.010427139000967145,0.010427139000967145
