min_connection,max_connection,avg_connection,min_send_command,max_send_command,avg_send_command,min_disconnect,max_disconnect,avg_disconnect
10.069605338001566,10.070005796002079,10.069805567001822,0.08189646300161257,0.0823873920016922,0.08214192750165239,0.04311326699826168,0.0432245049996709,0.04316888599896629
10.067384603000392,10.077636628000619,10.072510615500505,0.08407001799787395,0.08420043499791063,0.08413522649789229,0.05065885099975276,0.05164974099898245,0.051154295999367605
