min_connection,max_connection,avg_connection,min_send_command,max_send_command,avg_send_command,min_disconnect,max_disconnect,avg_disconnect
10.07580635499994,10.0779450550001,10.076747205000004,0.07093309999982012,0.08221709999997984,0.07919479999992518,0.04378090099999099,0.05337700099994436,0.047169100749954396
10.070834961999935,10.078308161999985,10.073247461999983,0.0707967999999255,0.08086260000004586,0.07584644999997181,0.04587960000003477,0.049598199999991266,0.04747842500006527
