min_connection,max_connection,avg_connection,min_send_command,max_send_command,avg_send_command,min_disconnect,max_disconnect,avg_disconnect
10.068134722998366,10.068134722998366,10.068134722998366,0.0010374160010542255,0.0010374160010542255,0.0010374160010542255,0.010422932002256857,0.010422932002256857,0.010422932002256857
10.067635917002917,10.067635917002917,10.067635917002917,0.0010367419999965932,0.0010367419999965932,0.0010367419999965932,0.0103695140023774,0.0103695140023774,0.0103695140023774
