min_connection,max_connection,avg_connection,min_send_command,max_send_command,avg_send_command,min_disconnect,max_disconnect,avg_disconnect
10.071660354999949,10.080292354999983,10.075789680000014,0.07189860199991926,0.0809340030000385,0.07859627774996625,0.04501130199992076,0.05782970199993542,0.05152847674997929
