min_connection,max_connection,avg_connection,min_send_command,max_send_command,avg_send_command,min_disconnect,max_disconnect,avg_disconnect
10.063440029000049,10.075400636000268,10.069420332500158,0.07235284299895284,0.08165538399771322,0.07700411349833303,0.04428961099984008,0.05339352599912672,0.0488415684994834
10.065374850000808,10.074496229000943,10.069935539500875,0.0814521859974775,0.08157960399694275,0.08151589499721013,0.04464834000100382,0.04522101499969722,0.04493467750035052
