min_connection,max_connection,avg_connection,min_send_command,max_send_command,avg_send_command,min_disconnect,max_disconnect,avg_disconnect
10.066692521999357,10.066692521999357,10.066692521999357,0.0012412119976943359,0.0012412119976943359,0.0012412119976943359,0.010543298001721269,0.010543298001721269,0.010543298001721269
10.081165132000024,10.081165132000024,10.081165132000024,0.0006542930022988003,0.0006542930022988003,0.0006542930022988003,0.011148470999614801,0.011148470999614801,0.011148470999614801
