min_connection,max_connection,avg_connection,min_send_command,max_send_command,avg_send_command,min_disconnect,max_disconnect,avg_disconnect
10.075061898000058,10.077302797999891,10.076300622999952,0.07123129999990852,0.08105139999997846,0.07845164999991994,0.044894099999964965,0.0490532000001167,0.04721939999996039
