min_connection,max_connection,avg_connection,min_send_command,max_send_command,avg_send_command,min_disconnect,max_disconnect,avg_disconnect
10.073772394000116,10.075076020002598,10.074424207001357,0.07137263499680557,0.08116005900228629,0.07626634699954593,0.041256835000240244,0.043378884001867846,0.042317859501054045
10.06542780699965,10.075239588997647,10.070333697998649,0.07227597599921864,0.08181985799819813,0.07704791699870839,0.044546018998516956,0.053099043001566315,0.048822531000041636
