min_connection,max_connection,avg_connection,min_send_command,max_send_command,avg_send_command,min_disconnect,max_disconnect,avg_disconnect
10.07698157300183,10.07698157300183,10.07698157300183,0.0005848569999216124,0.0005848569999216124,0.0005848569999216124,0.010500587002752582,0.010500587002752582,0.010500587002752582
10.177512377002131,10.177512377002131,10.177512377002131,0.0006158030009828508,0.0006158030009828508,0.0006158030009828508,0.01057545200092136,0.01057545200092136,0.01057545200092136
