min_connection,max_connection,avg_connection,min_send_command,max_send_command,avg_send_command,min_disconnect,max_disconnect,avg_disconnect
10.06106945600186,10.06106945600186,10.06106945600186,0.0008819169997877907,0.0008819169997877907,0.0008819169997877907,0.011149451998790028,0.011149451998790028,0.011149451998790028
10.072905996999907,10.072905996999907,10.072905996999907,0.001468041999032721,0.001468041999032721,0.001468041999032721,0.010577471999567933,0.010577471999567933,0.010577471999567933
