min_connection,max_connection,avg_connection,min_send_command,max_send_command,avg_send_command,min_disconnect,max_disconnect,avg_disconnect
10.071501740000144,10.080605240000068,10.075697890000072,0.07078739999997197,0.0808638000000883,0.07585050000000138,0.0455755999998928,0.04840950000016164,0.04687312499999052
10.081911782000134,10.086684481999782,10.083601631999954,0.07062120099999447,0.08100730099999964,0.07333602599999267,0.04446840099990368,0.0481890010000825,0.04603135050001583
