min_connection,max_connection,avg_connection,min_send_command,max_send_command,avg_send_command,min_disconnect,max_disconnect,avg_disconnect
10.08287860999917,10.083199511002022,10.083039060500596,0.07132289999935892,0.08202869099841337,0.07667579549888615,0.04382309500215342,0.045208717998320935,0.04451590650023718
10.068404536999878,10.078020760000072,10.073212648499975,0.08251704099893686,0.08323226799984695,0.08287465449939191,0.045358112998656,0.04617583700019168,0.04576697499942384
