min_connection,max_connection,avg_connection,min_send_command,max_send_command,avg_send_command,min_disconnect,max_disconnect,avg_disconnect
10.06227188000048,10.06346976200075,10.062870821000615,0.08040694399824133,0.08149978200162877,0.08095336299993505,0.05692420099876472,0.05708438999863574,0.05700429549870023
10.067213865000667,10.067370933000348,10.067292399000507,0.0807152950001182,0.08129973199902452,0.08100751349957136,0.044972949999646517,0.05341843700080062,0.04919569350022357
