min_connection,max_connection,avg_connection,min_send_command,max_send_command,avg_send_command,min_disconnect,max_disconnect,avg_disconnect
10.068017749000091,10.089432149999993,10.078650124499973,0.07231790399987403,0.08118210399993586,0.07871332899998151,0.046575901999858615,0.04811790300004759,0.0473184277499854
