min_connection,max_connection,avg_connection,min_send_command,max_send_command,avg_send_command,min_disconnect,max_disconnect,avg_disconnect
10.158536581999215,10.158536581999215,10.158536581999215,0.0011985839992121328,0.0011985839992121328,0.0011985839992121328,0.010147745997528546,0.010147745997528546,0.010147745997528546
10.062810893999995,10.062810893999995,10.062810893999995,0.000822539997898275,0.000822539997898275,0.000822539997898275,0.010814774999744259,0.010814774999744259,0.010814774999744259
