min_connection,max_connection,avg_connection,min_send_command,max_send_command,avg_send_command,min_disconnect,max_disconnect,avg_disconnect
10.07137208399945,10.072268871997949,10.071820477998699,0.0712179020010808,0.08064236199788866,0.07593013199948473,0.049674055000650696,0.05099008999968646,0.05033207250016858
10.066947266997886,10.067738093999651,10.067342680498768,0.07145553100053803,0.07206743099959567,0.07176148100006685,0.043563938001170754,0.04370644599839579,0.043635191999783274
