min_connection,max_connection,avg_connection,min_send_command,max_send_command,avg_send_command,min_disconnect,max_disconnect,avg_disconnect
10.07632219200002,10.077478091999978,10.076662067000001,0.08045090100006291,0.08162790099993344,0.08084352599999534,0.04450469999994766,0.05635029999996277,0.05298512499996377
10.072235072000012,10.089003671,10.081404271250051,0.07038689399996656,0.08076099400000203,0.07797544374994914,0.04614529599984962,0.0480689959999836,0.0469650959998944
