min_connection,max_connection,avg_connection,min_send_command,max_send_command,avg_send_command,min_disconnect,max_disconnect,avg_disconnect
10.06819792800161,10.06819792800161,10.06819792800161,0.0011770460005209316,0.0011770460005209316,0.0011770460005209316,0.011176004001754336,0.011176004001754336,0.011176004001754336
10.066788256001018,10.066788256001018,10.066788256001018,0.0011955239970120601,0.0011955239970120601,0.0011955239970120601,0.010559080998064019,0.010559080998064019,0.010559080998064019
