min_connection,max_connection,avg_connection,min_send_command,max_send_command,avg_send_command,min_disconnect,max_disconnect,avg_disconnect
10.062651959000505,10.062651959000505,10.062651959000505,0.0011788849988079164,0.0011788849988079164,0.0011788849988079164,0.011031575999368215,0.011031575999368215,0.011031575999368215
10.07421660700129,10.07421660700129,10.07421660700129,0.0006329720017674845,0.0006329720017674845,0.0006329720017674845,0.011019671997928526,0.011019671997928526,0.011019671997928526
