min_connection,max_connection,avg_connection,min_send_command,max_send_command,avg_send_command,min_disconnect,max_disconnect,avg_disconnect
10.081136834999825,10.083116333999897,10.08178015974994,0.07083289599995624,0.08115269499990063,0.07602709549991005,0.044573997000043164,0.04708389699999316,0.04570592200002466
