min_connection,max_connection,avg_connection,min_send_command,max_send_command,avg_send_command,min_disconnect,max_disconnect,avg_disconnect
10.068107951999991,10.071958884000196,10.070033418000094,0.0831296910000674,0.08411492300001555,0.08362230700004147,0.04847323099966161,0.05122802900223178,0.049850630000946694
10.068958528998337,10.072339569996984,10.07064904949766,0.08086007599922596,0.08166702900052769,0.08126355249987682,0.04412431799937622,0.04718001799847116,0.04565216799892369
