min_connection,max_connection,avg_connection,min_send_command,max_send_command,avg_send_command,min_disconnect,max_disconnect,avg_disconnect
10.071583207001822,10.072306906000449,10.071945056501136,0.08453315099905012,0.08621179300098447,0.0853724720000173,0.04983059799997136,0.05215777799821808,0.05099418799909472
10.081251088999124,10.083368573999905,10.082309831499515,0.08284568999806652,0.0828729659988312,0.08285932799844886,0.04383829099970171,0.05289718600033666,0.048367738500019186
