min_connection,max_connection,avg_connection,min_send_command,max_send_command,avg_send_command,min_disconnect,max_disconnect,avg_disconnect
10.116114866999851,10.116114866999851,10.116114866999851,0.0018030289975285996,0.0018030289975285996,0.0018030289975285996,0.010268057998473523,0.010268057998473523,0.010268057998473523
10.182846383999276,10.182846383999276,10.182846383999276,0.0009222039989253972,0.0009222039989253972,0.0009222039989253972,0.010434404000989161,0.010434404000989161,0.010434404000989161
