min_connection,max_connection,avg_connection,min_send_command,max_send_command,avg_send_command,min_disconnect,max_disconnect,avg_disconnect
10.072125299000163,10.079525698999987,10.07541442400003,0.0706658020001214,0.08087700199985193,0.07819797700005893,0.04509870099991531,0.048183000999870274,0.046327225999959865
