min_connection,max_connection,avg_connection,min_send_command,max_send_command,avg_send_command,min_disconnect,max_disconnect,avg_disconnect
10.081842612999026,10.082311845999357,10.082077229499191,0.08135872300044866,0.08175254299931112,0.08155563299987989,0.042658780999772716,0.05260156500298763,0.04763017300138017
10.07354907899935,10.074980365996453,10.074264722497901,0.0805314039971563,0.08166521500243107,0.08109830949979369,0.04629563500202494,0.04731927900138544,0.04680745700170519
