min_connection,max_connection,avg_connection,min_send_command,max_send_command,avg_send_command,min_disconnect,max_disconnect,avg_disconnect
10.107975669001462,10.107975669001462,10.107975669001462,0.0012987560003239196,0.0012987560003239196,0.0012987560003239196,0.010601346999465022,0.010601346999465022,0.010601346999465022
10.066591622999113,10.066591622999113,10.066591622999113,0.0014288930033217184,0.0014288930033217184,0.0014288930033217184,0.010364710000430932,0.010364710000430932,0.010364710000430932
