min_connection,max_connection,avg_connection,min_send_command,max_send_command,avg_send_command,min_disconnect,max_disconnect,avg_disconnect
10.074401690000059,10.077369690000069,10.076159440000026,0.07115430199996808,0.08082400200009943,0.07827240225003607,0.043426000999943426,0.04706080200003271,0.04529930150005157
