min_connection,max_connection,avg_connection,min_send_command,max_send_command,avg_send_command,min_disconnect,max_disconnect,avg_disconnect
10.071099074000813,10.071099074000813,10.071099074000813,0.0012923849972139578,0.0012923849972139578,0.0012923849972139578,0.01061423799910699,0.01061423799910699,0.01061423799910699
10.066670235002675,10.066670235002675,10.066670235002675,0.0017350320013065357,0.0017350320013065357,0.0017350320013065357,0.010882529000809882,0.010882529000809882,0.010882529000809882
