min_connection,max_connection,avg_connection,min_send_command,max_send_command,avg_send_command,min_disconnect,max_disconnect,avg_disconnect
10.067804165999405,10.068619955000031,10.068212060499718,0.08162825199906365,0.08291575100156479,0.08227200150031422,0.04541689200050314,0.05415974999777973,0.04978832099914143
10.080191957000352,10.081849328002136,10.081020642501244,0.07603477500015288,0.08300654299819143,0.07952065899917216,0.05108155400012038,0.05914089300131309,0.05511122350071673
