min_connection,max_connection,avg_connection,min_send_command,max_send_command,avg_send_command,min_disconnect,max_disconnect,avg_disconnect
10.079969022000114,10.083260021999877,10.081539372000066,0.07083140100007768,0.0811187010001504,0.0784937010001272,0.04404270000009092,0.05406900000002679,0.04783167499999763
10.072737249000056,10.084269148999965,10.077540823999982,0.0710830000000442,0.08093110000004344,0.07845615000002226,0.04248470100014856,0.058320201000015004,0.0488720760000092
