min_connection,max_connection,avg_connection,min_send_command,max_send_command,avg_send_command,min_disconnect,max_disconnect,avg_disconnect
10.10508299200228,10.106218245997297,10.105650618999789,0.08229742700132192,0.08476823999808403,0.08353283349970297,0.04442077500061714,0.046145584998157574,0.04528317999938736
10.073974586000986,10.075197170997853,10.07458587849942,0.08241945800182293,0.08297461799884331,0.08269703800033312,0.05326869399868883,0.05394681799953105,0.05360775599910994
