min_connection,max_connection,avg_connection,min_send_command,max_send_command,avg_send_command,min_disconnect,max_disconnect,avg_disconnect
10.087295402999985,10.097641303000046,10.091648152999994,0.07115830100008225,0.08095890100003089,0.07609535100004905,0.04569570000001022,0.048355099999980666,0.04673685000000205
10.070047866000095,10.084332166000195,10.080190016000074,0.08061950199999046,0.08206810200022119,0.08117587700007789,0.044388000000026295,0.05490680100001555,0.048146125249957095
