min_connection,max_connection,avg_connection,min_send_command,max_send_command,avg_send_command,min_disconnect,max_disconnect,avg_disconnect
10.161778498000785,10.161778498000785,10.161778498000785,0.0008623220019217115,0.0008623220019217115,0.0008623220019217115,0.010624940998241073,0.010624940998241073,0.010624940998241073
10.068041177997657,10.068041177997657,10.068041177997657,0.001067139000952011,0.001067139000952011,0.001067139000952011,0.010300264002580661,0.010300264002580661,0.010300264002580661
