min_connection,max_connection,avg_connection,min_send_command,max_send_command,avg_send_command,min_disconnect,max_disconnect,avg_disconnect
0.10449061200051801,0.10483082000064314,0.10466071600058058,0.0785937090004154,0.07920844299951568,0.07890107599996554,0.04179903799922613,0.05080187000021397,0.04630045399972005
0.10058680700058176,0.11049663100129692,0.10554171900093934,0.06651934300134599,0.07730095599981723,0.07191014950058161,0.043296005998854525,0.044336740000289865,0.043816372999572195
10.064321239999117,10.06439015399883,10.064355696998973,0.0821970919969317,0.08225529099945561,0.08222619149819366,0.04518237299998873,0.04526885800078162,0.045225615500385175
10.069141295000009,10.070279140996718,10.069710217998363,0.07258006999836653,0.07352122000156669,0.07305064499996661,0.04471116900094785,0.051669395998032996,0.04819028249949042
