min_connection,max_connection,avg_connection,min_send_command,max_send_command,avg_send_command,min_disconnect,max_disconnect,avg_disconnect
0.10152664499946695,0.10152664499946695,0.10152664499946695,0.001146828999480931,0.001146828999480931,0.001146828999480931,0.01083540199942945,0.01083540199942945,0.01083540199942945
0.09584134599936078,0.09584134599936078,0.09584134599936078,0.0011661299995466834,0.0011661299995466834,0.0011661299995466834,0.010537898999245954,0.010537898999245954,0.010537898999245954
10.076844125000207,10.076844125000207,10.076844125000207,0.0008589440003561322,0.0008589440003561322,0.0008589440003561322,0.011670005002088146,0.011670005002088146,0.011670005002088146
10.064587475000735,10.064587475000735,10.064587475000735,0.0008730400004424155,0.0008730400004424155,0.0008730400004424155,0.01035601499825134,0.01035601499825134,0.01035601499825134
