min_connection,max_connection,avg_connection,min_send_command,max_send_command,avg_send_command,min_disconnect,max_disconnect,avg_disconnect
10.068247509999992,10.088565909999943,10.07659698499998,0.07070739999994657,0.08154800000011164,0.07609272499996678,0.04629099999988284,0.05829050000011193,0.05237205000003087
10.070871829999987,10.08384472900002,10.080149004250018,0.07123660000002019,0.08117849900008878,0.07849474975000703,0.04654849899998226,0.05912369900011072,0.053822349000029135
