min_connection,max_connection,avg_connection,min_send_command,max_send_command,avg_send_command,min_disconnect,max_disconnect,avg_disconnect
10.06955070999993,10.080932109999821,10.077701684999909,0.08075090000011187,0.08139790000018365,0.08098482500003001,0.045288099999879705,0.0584988999999041,0.049602124999978514
