min_connection,max_connection,avg_connection,min_send_command,max_send_command,avg_send_command,min_disconnect,max_disconnect,avg_disconnect
10.066027184999257,10.066027184999257,10.066027184999257,0.001057600002241088,0.001057600002241088,0.001057600002241088,0.010966903002554318,0.010966903002554318,0.010966903002554318
10.071034536998923,10.071034536998923,10.071034536998923,0.001250582001375733,0.001250582001375733,0.001250582001375733,0.010887448999710614,0.010887448999710614,0.010887448999710614
