min_connection,max_connection,avg_connection,min_send_command,max_send_command,avg_send_command,min_disconnect,max_disconnect,avg_disconnect
10.073241266003606,10.074784761000046,10.074013013501826,0.08107573600136675,0.08146685000247089,0.08127129300191882,0.049164714000653476,0.05113755599813885,0.05015113499939616
10.076977021002676,10.077335758000117,10.077156389501397,0.0719918830000097,0.08244899000055739,0.07722043650028354,0.051054523999482626,0.05199022499800776,0.051522374498745194
