min_connection,max_connection,avg_connection,min_send_command,max_send_command,avg_send_command,min_disconnect,max_disconnect,avg_disconnect
10.149087134002912,10.149087134002912,10.149087134002912,0.0022921620002307463,0.0022921620002307463,0.0022921620002307463,0.01110383999912301,0.01110383999912301,0.01110383999912301
10.167264717001672,10.167264717001672,10.167264717001672,0.0010999180012731813,0.0010999180012731813,0.0010999180012731813,0.01079365799887455,0.01079365799887455,0.01079365799887455
