min_connection,max_connection,avg_connection,min_send_command,max_send_command,avg_send_command,min_disconnect,max_disconnect,avg_disconnect
10.07176937300028,10.072620155999175,10.072194764499727,0.07237552999868058,0.08224841199989896,0.07731197099928977,0.04519236800115323,0.04545125999720767,0.04532181399918045
10.075029970998003,10.075466999001947,10.075248484999975,0.08211784800005262,0.08292887700008578,0.0825233625000692,0.04953697100063437,0.04979394499969203,0.0496654580001632
