min_connection,max_connection,avg_connection,min_send_command,max_send_command,avg_send_command,min_disconnect,max_disconnect,avg_disconnect
10.07265124599985,10.076237245999891,10.074633795999944,0.0706372999998166,0.08086769999999888,0.07592074999990928,0.04382500000019718,0.047120300000187854,0.04549635000006447
