min_connection,max_connection,avg_connection,min_send_command,max_send_command,avg_send_command,min_disconnect,max_disconnect,avg_disconnect
10.178210803998809,10.178210803998809,10.178210803998809,0.00153564599895617,0.00153564599895617,0.00153564599895617,0.011306584001431474,0.011306584001431474,0.011306584001431474
10.07570122800098,10.07570122800098,10.07570122800098,0.0011668990009638947,0.0011668990009638947,0.0011668990009638947,0.010555566997936694,0.010555566997936694,0.010555566997936694
