min_connection,max_connection,avg_connection,min_send_command,max_send_command,avg_send_command,min_disconnect,max_disconnect,avg_disconnect
10.06879564799965,10.078360604002228,10.073578126000939,0.07183572200301569,0.08149023299847613,0.07666297750074591,0.04519664899999043,0.04761153599974932,0.046404092499869876
10.06835781799964,10.077163445002952,10.072760631501296,0.07173276199682732,0.08214615300312289,0.0769394574999751,0.044177566000144,0.044335233000310836,0.04425639950022742
