min_connection,max_connection,avg_connection,min_send_command,max_send_command,avg_send_command,min_disconnect,max_disconnect,avg_disconnect
10.073527909999939,10.091461610000124,10.083727985000053,0.07105939999996735,0.08138189999999668,0.07605495000001383,0.045902100999910544,0.048315301000002364,0.04680620099998123
