min_connection,max_connection,avg_connection,min_send_command,max_send_command,avg_send_command,min_disconnect,max_disconnect,avg_disconnect
10.069594014999893,10.070173323001654,10.069883669000774,0.0826294059988868,0.08277513399661984,0.08270226999775332,0.04371669399915845,0.04472165100014536,0.044219172499651904
10.069950258999597,10.1674087470019,10.118679503000749,0.07076508899990586,0.08291142199959722,0.07683825549975154,0.04296557199995732,0.0434542879993387,0.04320992999964801
