min_connection,max_connection,avg_connection,min_send_command,max_send_command,avg_send_command,min_disconnect,max_disconnect,avg_disconnect
10.07487018400002,10.077051984000036,10.075881584000001,0.08063449999986005,0.08165420000000267,0.08103172499994571,0.044727099999818165,0.0462104000000636,0.045428000000015345
10.079853434999904,10.086784334999948,10.082205034999959,0.07076300099993205,0.08108490100016752,0.0783824510000386,0.0457194000000527,0.04774389999988671,0.04657985000005738
