min_connection,max_connection,avg_connection,min_send_command,max_send_command,avg_send_command,min_disconnect,max_disconnect,avg_disconnect
10.065513991001353,10.065513991001353,10.065513991001353,0.0012433470001269598,0.0012433470001269598,0.0012433470001269598,0.010820987998158671,0.010820987998158671,0.010820987998158671
10.066529854997498,10.066529854997498,10.066529854997498,0.0016095079990918748,0.0016095079990918748,0.0016095079990918748,0.010301323000021512,0.010301323000021512,0.010301323000021512
