min_connection,max_connection,avg_connection,min_send_command,max_send_command,avg_send_command,min_disconnect,max_disconnect,avg_disconnect
0.22089219199983745,1.8185429310001382,0.9486919223515589,0.2096948920000159,1.3514923489999546,0.6444774386953025,0.0004853000000366592,0.28268748899995444,0.0656497670390781
0.14990639999996347,2.4803772969999045,0.5933931189375272,0.02226250000012442,0.7979946990003555,0.3814913292734623,0.0007010999997874023,0.17815280000013445,0.03895197887497304
