min_connection,max_connection,avg_connection,min_send_command,max_send_command,avg_send_command,min_disconnect,max_disconnect,avg_disconnect
0.14141450100009934,1.2799327019999964,0.633575262828133,0.14683439999998882,0.7701769020000029,0.40660335228906064,0.005218699999886667,0.11658830000010312,0.03939498681249276
0.13999719999992521,1.0317132019999917,0.6076507914062539,0.14930820099971243,0.7225968019997708,0.3736831361328008,0.004725300000245625,0.22981819999995423,0.04088438990625676
