min_connection,max_connection,avg_connection,min_send_command,max_send_command,avg_send_command,min_disconnect,max_disconnect,avg_disconnect
0.12783360100002028,1.1901029070002096,0.6088012505781233,0.1670636009998816,0.9818569060000755,0.40409180089062247,0.004152799999928902,0.2914765009998064,0.04140019864843758
0.1410912010001084,1.680088607000016,0.8137547682734372,0.18169980099992245,1.3279843049999727,0.5314142171640555,0.0045780000000377186,0.2249716010001066,0.05375831036720413
