min_connection,max_connection,avg_connection,min_send_command,max_send_command,avg_send_command,min_disconnect,max_disconnect,avg_disconnect
0.12245840099058114,1.3952388089965098,0.6868687362813262,0.1597097010089783,0.9798481060133781,0.4495194793295241,0.003418199994484894,0.20970190200023353,0.04337598927361341
