min_connection,max_connection,avg_connection,min_send_command,max_send_command,avg_send_command,min_disconnect,max_disconnect,avg_disconnect
0.1648989000000256,1.4683931049999046,0.7685308540859239,0.1544888999997056,0.92616320299976,0.46023945471872096,0.0005046999999649415,0.3017262009998376,0.048543957968735896
0.13332799900035752,1.2379090009999345,0.608675254835866,0.17113790000075824,0.9370036010004696,0.43239071429690057,0.0025310999999419437,0.22967940099988482,0.04769937035933225
