min_connection,max_connection,avg_connection,min_send_command,max_send_command,avg_send_command,min_disconnect,max_disconnect,avg_disconnect
0.12479379899741616,1.2135117899888428,0.5891294811799526,0.1831164989998797,1.3905735890002688,0.4055566873664702,0.0009808999893721193,0.1633605980023276,0.039373598109136765
