min_connection,max_connection,avg_connection,min_send_command,max_send_command,avg_send_command,min_disconnect,max_disconnect,avg_disconnect
0.1426921999999422,2.239999001000001,0.6461962330078155,0.023101399999973182,1.1596147999999857,0.43318131264061943,0.001255000000014661,0.13778349999995498,0.04280504688281184
0.1353330020001522,1.3205919189999804,0.6130200341874783,0.13828790199977448,2.1634754319998137,0.4123693804062647,0.0018892999996751314,0.1930501019996882,0.047033484992176966
