min_connection,max_connection,avg_connection,min_send_command,max_send_command,avg_send_command,min_disconnect,max_disconnect,avg_disconnect
0.12838830100008636,1.0316656089999015,0.548105623789068,0.05333250100011355,0.661053106000054,0.33486785692968013,0.001711000000113927,0.1637997020000057,0.03027204251562665
0.14256209599989234,1.2100607630000013,0.6001269221093892,0.1171238959996117,2.3398454279999896,0.4003915899453432,0.00048040000001492444,0.1888279939998938,0.04326315028123773
