min_connection,max_connection,avg_connection,min_send_command,max_send_command,avg_send_command,min_disconnect,max_disconnect,avg_disconnect
0.14163510099751875,1.1376198060024763,0.5946419543523689,0.15652260099886917,0.933532904004096,0.4121850550387762,0.005388699995819479,0.1378955000109272,0.0424638728758282
