min_connection,max_connection,avg_connection,min_send_command,max_send_command,avg_send_command,min_disconnect,max_disconnect,avg_disconnect
0.18980169999986174,1.5158778060001623,0.7974153984531114,0.1691080000000511,1.0778641040001276,0.5353422798593854,0.004648799999813491,0.2302533009999479,0.05504877363281757
0.12840430199958064,1.063307311999779,0.5707011720702582,0.15873290200033807,0.8460555090005073,0.38065331998436847,0.005335800000466406,0.20339490200058208,0.04394287632811711
