min_connection,max_connection,avg_connection,min_send_command,max_send_command,avg_send_command,min_disconnect,max_disconnect,avg_disconnect
0.2067129990000467,1.61379407000004,0.8498307107968728,0.2057054680001329,1.223385510000071,0.5829379796953127,0.0003101980000792537,0.36954620599999544,0.05657689511719788
0.11327060100029485,1.0267664029997832,0.5990925785000023,0.11767610000015338,0.7742285030003586,0.3970934254218932,0.0003209999999853608,0.10730000000012296,0.03733289543748697
