min_connection,max_connection,avg_connection,min_send_command,max_send_command,avg_send_command,min_disconnect,max_disconnect,avg_disconnect
0.12409060000209138,2.532276998012094,0.5805603455239634,0.01444939999782946,0.7200365000026068,0.37097809110889557,0.0005147000047145411,0.219215199991595,0.03453646637478869
