min_connection,max_connection,avg_connection,min_send_command,max_send_command,avg_send_command,min_disconnect,max_disconnect,avg_disconnect
0.11735799600137398,1.6297803029883653,0.6019505567497845,0.014803800004301593,0.8667536900029518,0.3994974223431882,0.003346500001498498,0.18307000100321602,0.04263936928896328
