min_connection,max_connection,avg_connection,min_send_command,max_send_command,avg_send_command,min_disconnect,max_disconnect,avg_disconnect
0.23248740100007126,2.3631102069998633,0.8314409058671881,0.016264500000033877,1.0507399030000215,0.5000468853124911,0.0019721999999546824,0.23966630100017028,0.045516050148437515
0.14476869999998598,2.5666844979996313,0.605649051953133,0.02513630000021294,0.751810199999909,0.39551485141404896,0.0008590000002186571,0.21458609999990585,0.044669578101551366
