min_connection,max_connection,avg_connection,min_send_command,max_send_command,avg_send_command,min_disconnect,max_disconnect,avg_disconnect
0.14668210700006057,1.263060661000054,0.6341855178125062,0.18251560699991387,0.9154602440000872,0.4303953887734391,0.005433700000139652,0.22986801199999718,0.05633496823437234
0.13343089999989388,1.155209300000024,0.5999895187499895,0.13014509999993606,0.7484435000001213,0.3890822679687673,0.0037376999998741667,0.17895229999976436,0.0417940671874959
