min_connection,max_connection,avg_connection,min_send_command,max_send_command,avg_send_command,min_disconnect,max_disconnect,avg_disconnect
0.13055859399992187,1.054988154000057,0.5943531956328236,0.12017619500011278,0.8369503640001312,0.3921790785547188,0.00039879999985714676,0.1634478930000114,0.04453897303125487
0.15394550100063498,1.0830296040003304,0.6018474836563001,0.14362549999987095,0.8771961029997328,0.385273780390591,0.0031120000003284076,0.2348385010000129,0.04447940647654036
