min_connection,max_connection,avg_connection,min_send_command,max_send_command,avg_send_command,min_disconnect,max_disconnect,avg_disconnect
0.1391119009999784,1.3230165209999996,0.6670576423281318,0.15634200199997395,0.8102617120000559,0.4416656178593783,0.0042647000000215485,0.16806170299992118,0.04351833039843278
0.2067492010000933,1.2776274060001924,0.7341355885312524,0.15319350100025986,1.0049107039999399,0.5170049562499948,0.00041079999982684967,0.23581310100007613,0.049581447093729025
