min_connection,max_connection,avg_connection,min_send_command,max_send_command,avg_send_command,min_disconnect,max_disconnect,avg_disconnect
0.11851529999694321,1.1217544000101043,0.6415379955000162,0.1343358000012813,0.744987999991281,0.4240524415629352,0.005199999999604188,0.18343370000366122,0.041992385156163436
