min_connection,max_connection,avg_connection,min_send_command,max_send_command,avg_send_command,min_disconnect,max_disconnect,avg_disconnect
0.14431759900003271,1.2012558930000523,0.654699253789051,0.15627799899993988,0.8348220949999359,0.440692406749994,0.005391700000018318,0.17451419899998655,0.049217325484359975
0.1424747009996281,1.4426900090002164,0.6163163435546863,0.1438191999995979,0.8722945050003545,0.4126629612734476,0.00020570000015140977,0.1422919010001351,0.045053054867146614
