min_connection,max_connection,avg_connection,min_send_command,max_send_command,avg_send_command,min_disconnect,max_disconnect,avg_disconnect
0.1680979989999969,1.2715240969999968,0.6211082532343712,0.061851999999987584,0.8437625980000121,0.412889770914064,0.0011433999999894695,0.31055469899996524,0.046419702218750025
0.1491667000000234,1.1337490999999318,0.5889556492187751,0.170029799999611,0.7280602999999246,0.38649353203124903,0.000257799999872077,0.19360860000006141,0.043698315625000816
0.12745718599944666,1.2551460670001688,0.5995117502734715,0.10322868900038884,0.8115036010003678,0.38787452826560553,0.0005870999993931036,0.14838799999961338,0.038801725632851
