min_connection,max_connection,avg_connection,min_send_command,max_send_command,avg_send_command,min_disconnect,max_disconnect,avg_disconnect
0.16944909900485072,1.3247627969976747,0.6470865276249924,0.19999000000825617,0.8661204980016919,0.40943601553203735,0.0002789999998640269,0.2617655990034109,0.04432068586618243
