min_connection,max_connection,avg_connection,min_send_command,max_send_command,avg_send_command,min_disconnect,max_disconnect,avg_disconnect
0.13750459999982922,1.9844803990001765,0.7246903813203218,0.023423800000045958,0.9900963989998672,0.4461636988750026,0.0011465000000043801,0.19371720000003734,0.045128887460931466
0.12555199999951583,1.194206698999551,0.5906756125858834,0.11826680000012857,2.038251298000432,0.4051144356093985,0.0003802999999606982,0.1684610000002067,0.04226032731251195
