min_connection,max_connection,avg_connection,min_send_command,max_send_command,avg_send_command,min_disconnect,max_disconnect,avg_disconnect
0.1604120999982115,1.2006677009921987,0.632838311390401,0.12937170000805054,1.2661320009938208,0.4577379894371916,0.0002835999912349507,0.30979349999688566,0.05338962426560556
