min_connection,max_connection,avg_connection,min_send_command,max_send_command,avg_send_command,min_disconnect,max_disconnect,avg_disconnect
0.13586629999997513,3.229723498999988,0.7230501012031256,0.015461000000073,1.0020263989999876,0.46521067871874955,0.0003753000000870088,0.4346732989999964,0.052913769476559125
0.16135430000031192,2.817821407000338,0.630818011742214,0.02796920000037062,0.7752568020000581,0.4021922901406292,0.0008744999995542457,0.1575351999999839,0.04633148216405658
