min_connection,max_connection,avg_connection,min_send_command,max_send_command,avg_send_command,min_disconnect,max_disconnect,avg_disconnect
0.12355910000042059,1.247771800000919,0.6613336550547046,0.10935199999948964,1.011769500997616,0.42334015090580124,0.0051909999892814085,0.24485119999735616,0.04631896645264533
