min_connection,max_connection,avg_connection,min_send_command,max_send_command,avg_send_command,min_disconnect,max_disconnect,avg_disconnect
0.15468719800014696,1.0814412879999509,0.6008253617890613,0.14796519800006536,0.8333450909999556,0.3990031680703172,0.002934999999979482,0.22955909799998153,0.039896486992175184
0.12413589900006627,1.049084299000242,0.6007097796562384,0.1297175999998217,0.8467230989999734,0.40411056041408244,0.0007372999998551677,0.1332044999999198,0.03729927336718575
