min_connection,max_connection,avg_connection,min_send_command,max_send_command,avg_send_command,min_disconnect,max_disconnect,avg_disconnect
0.14251920000242535,1.4173565999954008,0.727595359376096,0.13629480000236072,1.0680944999912754,0.4754207460929365,0.00046120000479277223,0.3317479000106687,0.05435513906252254
