min_connection,max_connection,avg_connection,min_send_command,max_send_command,avg_send_command,min_disconnect,max_disconnect,avg_disconnect
0.17125909999992928,1.410494301999961,0.7015552988124982,0.11362770100004127,0.960306601999946,0.44162954284374223,0.005190200000015466,0.1787951000000021,0.04647248207812815
0.11983880099978705,1.1104349960000945,0.5853219008125059,0.12964089899969622,0.921902695999961,0.397010029499981,0.005436800000097719,0.1692207999999482,0.04461038816407026
