min_connection,max_connection,avg_connection,min_send_command,max_send_command,avg_send_command,min_disconnect,max_disconnect,avg_disconnect
0.15551879799994595,1.1796196960000316,0.6480932169609392,0.11702429999996866,0.9339311960000032,0.42916660938281526,0.0013627999999812346,0.17953079900001967,0.04240246778906531
0.12251990000004298,1.4438419009998142,0.6208689448984579,0.09588399999984176,1.0177280010002505,0.4275193532890533,0.002169900000353664,0.21429230000012467,0.04319673281248981
0.1371041000002151,1.376019401999656,0.6768511885000095,0.1435531990000527,0.9235846040000979,0.47355662025003653,0.004821199999241799,0.3627156020002076,0.05611032124221538
