min_connection,max_connection,avg_connection,min_send_command,max_send_command,avg_send_command,min_disconnect,max_disconnect,avg_disconnect
0.17497199999343138,2.590372502003447,0.5733534160393674,0.026963299998897128,0.8432180009986041,0.3754476346800857,0.0014208000065991655,0.13294709999172483,0.03785984848411772
