min_connection,max_connection,avg_connection,min_send_command,max_send_command,avg_send_command,min_disconnect,max_disconnect,avg_disconnect
0.132219601000088,2.1096469010003602,0.6870357004687513,0.017826100000092993,0.9425156009997409,0.4520177776015757,0.001498000000083266,0.2974403009998241,0.04544087970308297
0.11105719999977737,1.9959260000005088,0.6346328390625118,0.028353100000458653,0.7865836000000854,0.3940150781249798,0.0003236999991713674,0.25984040000003006,0.03904806328124977
