min_connection,max_connection,avg_connection,min_send_command,max_send_command,avg_send_command,min_disconnect,max_disconnect,avg_disconnect
0.13239870000006704,1.2352661979999766,0.5927322689765644,0.12149869999996099,0.8338250980000339,0.38768928662499924,0.00026939999997921404,0.2046548000000712,0.03922235074218783
0.13381519999984448,1.6517900989997543,0.7507062514140479,0.11867729999994481,0.9305614989998503,0.44655151850782104,0.004930600000079721,0.21459760000016104,0.047851950718733605
0.12673459899997397,1.4830766939994646,0.579440737562571,0.024080500000309257,0.7672599970001102,0.3828665297266056,0.0008244000000559026,0.12259089899998799,0.035154836562519165
