min_connection,max_connection,avg_connection,min_send_command,max_send_command,avg_send_command,min_disconnect,max_disconnect,avg_disconnect
0.17886440000438597,2.606177097011823,0.6117377062184914,0.022303400008240715,0.8374521990044741,0.400242810327768,0.0007849999965401366,0.2601470990048256,0.040594997601829164
