min_connection,max_connection,avg_connection,min_send_command,max_send_command,avg_send_command,min_disconnect,max_disconnect,avg_disconnect
0.13833680100003676,1.3065836019999324,0.6467795548515562,0.1532799999999952,0.7767192009999917,0.3976679568906265,0.004967100000044411,0.2032420009999214,0.04585080396093044
0.14864469800022562,1.0374143879998883,0.576922354265637,0.12693429899991315,0.7562615910001114,0.37026033788280444,0.004074599999967177,0.1636424979997173,0.0406733534765813
