min_connection,max_connection,avg_connection,min_send_command,max_send_command,avg_send_command,min_disconnect,max_disconnect,avg_disconnect
0.11324060100014322,2.632746323986794,0.6656632545941648,0.01773160000448115,0.8348969079961535,0.4209468163830934,0.0033507000043755397,0.16807010100455955,0.04345848942182329
