min_connection,max_connection,avg_connection,min_send_command,max_send_command,avg_send_command,min_disconnect,max_disconnect,avg_disconnect
0.12599750100002893,1.2551217029999862,0.6724715516328068,0.16380899999990106,0.9588239029999386,0.4670230659531285,0.0003942999999253516,0.25980580099985673,0.04807265010938444
0.2128680999999233,1.1440689989999555,0.5950231441875005,0.1546136000001752,0.8161700000000565,0.371187644390627,0.0027855000003000896,0.17322749999993903,0.045011350765605584
