min_connection,max_connection,avg_connection,min_send_command,max_send_command,avg_send_command,min_disconnect,max_disconnect,avg_disconnect
0.1438346999930218,1.3408989019953879,0.6012872178750968,0.15796310000587255,0.9232024009979796,0.3950145738986066,0.0003037999995285645,0.24513959999603685,0.042302678179794384
