min_connection,max_connection,avg_connection,min_send_command,max_send_command,avg_send_command,min_disconnect,max_disconnect,avg_disconnect
0.14873199999999542,1.448819899,0.769776061062494,0.1934223989999282,1.1042590990000463,0.4961977260625039,0.0025475999999571286,0.17870300000004136,0.04991918428125075
0.13664609800025573,1.0318431820001024,0.6172570057343627,0.105464197999936,0.8335205859998496,0.40774699759376176,0.004385699999602366,0.2145302960002482,0.04318147345312795
