min_connection,max_connection,avg_connection,min_send_command,max_send_command,avg_send_command,min_disconnect,max_disconnect,avg_disconnect
0.12653969900566153,1.6079490799893392,0.746733546352857,0.18745059698994737,1.0512872869876446,0.4665717629758319,0.0003684999974211678,0.275855996995233,0.05825179465693964
