min_connection,max_connection,avg_connection,min_send_command,max_send_command,avg_send_command,min_disconnect,max_disconnect,avg_disconnect
0.13845829999996795,1.1818070020000278,0.6583784863671904,0.1033729999999764,1.239610101999972,0.4430290321796857,0.005248600000015813,0.22959480100001883,0.05090358912500159
0.14013430000022709,1.1409507999997004,0.6078591601562131,0.12004000000024462,0.8678123999998206,0.40780326250001764,0.0006504000002678367,0.2648537000000033,0.04713185312499846
0.10771420099990792,1.1233323159995052,0.5769920494766154,0.1374073019997013,0.8806490130000384,0.38378622881256064,0.005447699999422184,0.3056004039999607,0.04151710917966511
