min_connection,max_connection,avg_connection,min_send_command,max_send_command,avg_send_command,min_disconnect,max_disconnect,avg_disconnect
0.15065549900464248,1.2818725910037756,0.6075727974995289,0.1243632990081096,0.904986593988724,0.39334104977365314,0.0042310999997425824,0.29036639801051933,0.04541189815620328
