min_connection,max_connection,avg_connection,min_send_command,max_send_command,avg_send_command,min_disconnect,max_disconnect,avg_disconnect
0.14048790400011057,1.0426109319998886,0.5918618383515639,0.16032450400007292,1.017773231000092,0.39048476810937416,0.0003517000000101689,0.15778090499998143,0.04155546297656798
0.1449144990001514,1.347594694000236,0.7104802721953263,0.21037549899983787,1.069497796000178,0.48821299194531065,0.0031058999998094805,0.2393326999999772,0.04757749350781282
