min_connection,max_connection,avg_connection,min_send_command,max_send_command,avg_send_command,min_disconnect,max_disconnect,avg_disconnect
0.11678250000113621,1.0300883989984868,0.6189901933670399,0.10433519999787677,0.7488870990055148,0.41970595523434895,0.005335800000466406,0.16379710000182968,0.039254945289599164
