min_connection,max_connection,avg_connection,min_send_command,max_send_command,avg_send_command,min_disconnect,max_disconnect,avg_disconnect
0.12814140000000407,1.0517033030000675,0.6040459481484373,0.14844460000006166,0.654349701000001,0.3759544390156222,0.0015616000000591157,0.18296100100008061,0.04141664776562326
0.17949879999969198,2.0526680009998017,0.699679626031255,0.18005740000035075,0.9373735999997734,0.49904625735939234,0.008907299999918905,0.19364059999998062,0.05546848206248711
