min_connection,max_connection,avg_connection,min_send_command,max_send_command,avg_send_command,min_disconnect,max_disconnect,avg_disconnect
0.1527423009999893,1.118420302000004,0.6243004631562412,0.13934339999991607,0.8264214019999372,0.39667302669531246,0.0033866999999645486,0.20968759999993836,0.041491396929686175
0.1289919999999256,2.7184358829999837,0.6572732014843794,0.01317220000009911,0.8568106940001599,0.4371374543046649,0.0007959999998092826,0.18943669800000862,0.04272199114061692
