min_connection,max_connection,avg_connection,min_send_command,max_send_command,avg_send_command,min_disconnect,max_disconnect,avg_disconnect
0.14831109999795444,2.4098486989969388,0.6151231223287823,0.023291799996513873,0.862877399995341,0.4167879022187435,0.0007006999949226156,0.2197697999945376,0.039712593718604694
