min_connection,max_connection,avg_connection,min_send_command,max_send_command,avg_send_command,min_disconnect,max_disconnect,avg_disconnect
0.11551469999994879,1.0638109040000927,0.6184650660859408,0.17096540000011373,0.7528982020000967,0.4065937021093706,0.00043010000013055105,0.1931255010001678,0.045005662640610566
0.15543320000006133,1.176335096999992,0.5852229496172079,0.161628999000186,0.7258946990000368,0.38568565150782064,0.000457399999959307,0.17343039999968823,0.04284447802341518
