min_connection,max_connection,avg_connection,min_send_command,max_send_command,avg_send_command,min_disconnect,max_disconnect,avg_disconnect
0.12992159998975694,1.2252349000045797,0.5900928915476698,0.11590760000399314,0.7536355000047479,0.4100377267111526,0.004231800005072728,0.18389019998721778,0.04610423204792369
