min_connection,max_connection,avg_connection,min_send_command,max_send_command,avg_send_command,min_disconnect,max_disconnect,avg_disconnect
0.15664790100026948,2.614354417999948,0.6101799643281431,0.025914100000136386,0.8365785050000341,0.410305773140621,0.00114320000011503,0.21419140099988,0.04075290655468322
0.16512659799991525,2.6625107730005766,0.6029903791093929,0.02230420000068989,0.8746266910002305,0.3875115930156099,0.0013502000001608394,0.17369189799956075,0.04493220806249809
