min_connection,max_connection,avg_connection,min_send_command,max_send_command,avg_send_command,min_disconnect,max_disconnect,avg_disconnect
0.12653149900143035,1.2749845990038011,0.6347645075165929,0.10348510000039823,0.9733256999898003,0.4092571857187295,0.0046820999996270984,0.2869538989907596,0.04130454994549382
