min_connection,max_connection,avg_connection,min_send_command,max_send_command,avg_send_command,min_disconnect,max_disconnect,avg_disconnect
0.15228649999971822,1.062012101000164,0.5907840980234447,0.16526950000024954,0.8569234999999935,0.387521303289045,0.004278899999917485,0.23938920000000508,0.04262620314062815
0.10656790899975022,1.1976208030000635,0.5835922468124863,0.09658880200004205,0.7534269640000275,0.39982640736722885,0.0007272000002558343,0.148308611000175,0.03872082675002275
