min_connection,max_connection,avg_connection,min_send_command,max_send_command,avg_send_command,min_disconnect,max_disconnect,avg_disconnect
0.12824349599986817,1.2218784689998756,0.5843567837500281,0.1444104970000808,0.8069267800001398,0.40940875601562965,0.0010333999998692889,0.23535379400027523,0.046661591078127174
0.1395817980001084,1.0094889870006227,0.5973450496562478,0.16567309800029761,0.7760045900004116,0.3998456036562459,0.0032601000002614455,0.20580719700046757,0.04629595797657515
