min_connection,max_connection,avg_connection,min_send_command,max_send_command,avg_send_command,min_disconnect,max_disconnect,avg_disconnect
0.1139338979992317,1.402616888997727,0.7466115804689935,0.13564839799073525,1.2327522889972897,0.48664558789766943,0.00037369999336078763,0.2312192970130127,0.0513660448907558
