Number of mismatchs, Time Taken
14,0.7658166885375977
16,6.206645488739014
