Number of mismatchs, Time Taken
0,1.011354684829712
0,1.0204670429229736
0,0.9630653858184814
0,0.9944882392883301
0,1.0297493934631348
