Number of mismatchs,Time Taken
0,1.058647632598877
0,1.0550930500030518
0,0.9683187007904053
0,0.9944536685943604
0,1.0456693172454834
0,1.0835261344909668
0,1.0625226497650146
0,1.0764062404632568
0,1.028627872467041
0,0.9902074337005615
